QUANTITYORDERED,PRICEEACH,SALES,ORDERDATE,STATUS,MONTH_ID,YEAR_ID,PRODUCTLINE,CITY,COUNTRY,DEALSIZE
30,95.7,2871.0,2/24/2003 0:00,Shipped,2,2003,Motorcycles,NYC,USA,Small
34,81.35,2765.9,5/7/2003 0:00,Shipped,5,2003,Motorcycles,Reims,France,Small
41,94.74,3884.34,7/1/2003 0:00,Shipped,7,2003,Motorcycles,Paris,France,Medium
45,83.26,3746.7,8/25/2003 0:00,Shipped,8,2003,Motorcycles,Pasadena,USA,Medium
49,100.0,5205.27,10/10/2003 0:00,Shipped,10,2003,Motorcycles,San Francisco,USA,Medium
36,96.66,3479.76,10/28/2003 0:00,Shipped,10,2003,Motorcycles,Burlingame,USA,Medium
29,86.13,2497.77,11/11/2003 0:00,Shipped,11,2003,Motorcycles,Lille,France,Small
48,100.0,5512.32,11/18/2003 0:00,Shipped,11,2003,Motorcycles,Bergen,Norway,Medium
22,98.57,2168.54,12/1/2003 0:00,Shipped,12,2003,Motorcycles,San Francisco,USA,Small
41,100.0,4708.44,1/15/2004 0:00,Shipped,1,2004,Motorcycles,Paris,France,Medium
37,100.0,3965.66,2/20/2004 0:00,Shipped,2,2004,Motorcycles,Melbourne,Australia,Medium
23,100.0,2333.12,4/5/2004 0:00,Shipped,4,2004,Motorcycles,NYC,USA,Small
28,100.0,3188.64,5/18/2004 0:00,Shipped,5,2004,Motorcycles,Newark,USA,Medium
34,100.0,3676.76,6/28/2004 0:00,Shipped,6,2004,Motorcycles,Bridgewater,USA,Medium
45,92.83,4177.35,7/23/2004 0:00,Shipped,7,2004,Motorcycles,Nantes,France,Medium
36,100.0,4099.68,8/27/2004 0:00,Shipped,8,2004,Motorcycles,Cambridge,USA,Medium
23,100.0,2597.39,9/30/2004 0:00,Shipped,9,2004,Motorcycles,Helsinki,Finland,Small
41,100.0,4394.38,10/15/2004 0:00,Shipped,10,2004,Motorcycles,Stavern,Norway,Medium
46,94.74,4358.04,11/2/2004 0:00,Shipped,11,2004,Motorcycles,Allentown,USA,Medium
42,100.0,4396.14,11/15/2004 0:00,Shipped,11,2004,Motorcycles,NYC,USA,Medium
41,100.0,7737.93,11/24/2004 0:00,Shipped,11,2004,Motorcycles,Salzburg,Austria,Large
20,72.55,1451.0,12/17/2004 0:00,Shipped,12,2004,Motorcycles,Chatswood,Australia,Small
21,34.91,733.11,2/3/2005 0:00,Shipped,2,2005,Motorcycles,Nantes,France,Small
42,76.36,3207.12,3/3/2005 0:00,Shipped,3,2005,Motorcycles,New Bedford,USA,Medium
24,100.0,2434.56,4/8/2005 0:00,Shipped,4,2005,Motorcycles,Liverpool,UK,Small
66,100.0,7516.08,5/13/2005 0:00,Disputed,5,2005,Motorcycles,Madrid,Spain,Large
26,100.0,5404.62,1/29/2003 0:00,Shipped,1,2003,Classic Cars,Stavern,Norway,Medium
29,100.0,7209.11,3/24/2003 0:00,Shipped,3,2003,Classic Cars,Lule,Sweden,Large
38,100.0,7329.06,5/28/2003 0:00,Shipped,5,2003,Classic Cars,Madrid,Spain,Large
37,100.0,7374.1,7/24/2003 0:00,Shipped,7,2003,Classic Cars,Burlingame,USA,Large
45,100.0,10993.5,9/19/2003 0:00,Shipped,9,2003,Classic Cars,Singapore,Singapore,Large
21,100.0,4860.24,10/20/2003 0:00,Shipped,10,2003,Classic Cars,NYC,USA,Medium
34,100.0,8014.82,11/6/2003 0:00,Shipped,11,2003,Classic Cars,South Brisbane,Australia,Large
23,100.0,5372.57,11/13/2003 0:00,Shipped,11,2003,Classic Cars,Philadelphia,USA,Medium
42,100.0,7290.36,11/25/2003 0:00,Shipped,11,2003,Classic Cars,Lyon,France,Large
47,100.0,9064.89,12/5/2003 0:00,Shipped,12,2003,Classic Cars,Vancouver,Canada,Large
35,100.0,6075.3,1/29/2004 0:00,Shipped,1,2004,Classic Cars,Burbank,USA,Medium
29,100.0,6463.23,3/10/2004 0:00,Shipped,3,2004,Classic Cars,Cambridge,USA,Medium
34,100.0,6120.34,5/4/2004 0:00,Shipped,5,2004,Classic Cars,New Haven,USA,Medium
32,100.0,7680.64,6/15/2004 0:00,Shipped,6,2004,Classic Cars,Minato-ku,Japan,Large
21,100.0,4905.39,7/19/2004 0:00,Shipped,7,2004,Classic Cars,Chatswood,Australia,Medium
34,100.0,8014.82,8/17/2004 0:00,Shipped,8,2004,Classic Cars,Torino,Italy,Large
37,100.0,7136.19,9/8/2004 0:00,Shipped,9,2004,Classic Cars,Boras,Sweden,Large
47,100.0,10172.7,10/11/2004 0:00,Shipped,10,2004,Classic Cars,Versailles,France,Large
48,100.0,11623.7,10/21/2004 0:00,Shipped,10,2004,Classic Cars,San Rafael,USA,Large
40,100.0,6000.4,11/4/2004 0:00,Shipped,11,2004,Classic Cars,Nashua,USA,Medium
26,100.0,3003.0,11/18/2004 0:00,Shipped,11,2004,Classic Cars,San Francisco,USA,Medium
30,100.0,3944.7,11/29/2004 0:00,Shipped,11,2004,Classic Cars,Melbourne,Australia,Medium
32,100.0,5691.84,12/10/2004 0:00,Shipped,12,2004,Classic Cars,San Rafael,USA,Medium
41,100.0,4514.92,1/20/2005 0:00,Shipped,1,2005,Classic Cars,Brickhaven,USA,Medium
36,100.0,8254.8,2/17/2005 0:00,Shipped,2,2005,Classic Cars,San Francisco,USA,Large
24,100.0,2416.56,3/9/2005 0:00,Shipped,3,2005,Classic Cars,North Sydney,Australia,Small
23,100.0,4140.23,5/1/2005 0:00,Shipped,5,2005,Classic Cars,Montreal,Canada,Medium
50,100.0,12001.0,5/31/2005 0:00,In Process,5,2005,Classic Cars,Madrid,Spain,Large
39,99.91,3896.49,2/24/2003 0:00,Shipped,2,2003,Motorcycles,NYC,USA,Medium
29,96.34,2793.86,4/29/2003 0:00,Shipped,4,2003,Motorcycles,Melbourne,Australia,Small
27,100.0,3307.77,7/1/2003 0:00,Shipped,7,2003,Motorcycles,Paris,France,Medium
37,100.0,5192.95,8/25/2003 0:00,Shipped,8,2003,Motorcycles,Pasadena,USA,Medium
37,100.0,5016.83,10/10/2003 0:00,Shipped,10,2003,Motorcycles,San Francisco,USA,Medium
27,100.0,3660.93,10/28/2003 0:00,Shipped,10,2003,Motorcycles,Burlingame,USA,Medium
42,100.0,4695.6,11/11/2003 0:00,Shipped,11,2003,Motorcycles,Lille,France,Medium
38,96.34,3660.92,11/18/2003 0:00,Shipped,11,2003,Motorcycles,Bergen,Norway,Medium
24,100.0,3025.92,12/1/2003 0:00,Shipped,12,2003,Motorcycles,San Francisco,USA,Medium
23,100.0,3009.09,1/12/2004 0:00,Shipped,1,2004,Motorcycles,Osaka,Japan,Medium
47,100.0,5422.39,2/20/2004 0:00,Shipped,2,2004,Motorcycles,Melbourne,Australia,Medium
22,100.0,2852.08,4/3/2004 0:00,Shipped,4,2004,Motorcycles,Philadelphia,USA,Small
44,100.0,5756.52,5/18/2004 0:00,Shipped,5,2004,Motorcycles,Newark,USA,Medium
40,100.0,4472.0,6/28/2004 0:00,Shipped,6,2004,Motorcycles,Bridgewater,USA,Medium
22,100.0,2904.44,7/23/2004 0:00,Shipped,7,2004,Motorcycles,Nantes,France,Small
47,100.0,6484.59,8/27/2004 0:00,Shipped,8,2004,Motorcycles,Cambridge,USA,Medium
39,96.34,3757.26,9/27/2004 0:00,Shipped,9,2004,Motorcycles,Nantes,France,Medium
34,100.0,4043.96,10/15/2004 0:00,Shipped,10,2004,Motorcycles,White Plains,USA,Medium
45,100.0,5566.5,11/2/2004 0:00,Shipped,11,2004,Motorcycles,Allentown,USA,Medium
20,100.0,3176.0,11/15/2004 0:00,Shipped,11,2004,Motorcycles,NYC,USA,Medium
40,68.92,2756.8,11/23/2004 0:00,Shipped,11,2004,Motorcycles,Minato-ku,Japan,Small
26,51.15,1329.9,12/17/2004 0:00,Shipped,12,2004,Motorcycles,Chatswood,Australia,Small
39,100.0,5288.01,2/2/2005 0:00,Shipped,2,2005,Motorcycles,South Brisbane,Australia,Medium
50,44.51,2225.5,3/3/2005 0:00,Shipped,3,2005,Motorcycles,New Bedford,USA,Small
45,100.0,5833.8,4/7/2005 0:00,Shipped,4,2005,Motorcycles,Paris,France,Medium
45,100.0,5887.35,5/13/2005 0:00,Disputed,5,2005,Motorcycles,Madrid,Spain,Medium
27,100.0,6065.55,2/24/2003 0:00,Shipped,2,2003,Motorcycles,NYC,USA,Medium
46,100.0,9264.86,4/29/2003 0:00,Shipped,4,2003,Motorcycles,Melbourne,Australia,Large
31,100.0,7023.98,7/1/2003 0:00,Shipped,7,2003,Motorcycles,Paris,France,Large
33,100.0,5176.38,8/25/2003 0:00,Shipped,8,2003,Motorcycles,Pasadena,USA,Medium
22,100.0,4132.7,10/10/2003 0:00,Shipped,10,2003,Motorcycles,San Francisco,USA,Medium
20,100.0,4183.0,10/28/2003 0:00,Shipped,10,2003,Motorcycles,Burlingame,USA,Medium
41,100.0,8892.9,11/11/2003 0:00,Shipped,11,2003,Motorcycles,Lille,France,Large
45,100.0,8714.7,11/18/2003 0:00,Shipped,11,2003,Motorcycles,Bergen,Norway,Large
49,100.0,8065.89,12/1/2003 0:00,Shipped,12,2003,Motorcycles,San Francisco,USA,Large
34,100.0,6123.4,1/12/2004 0:00,Shipped,1,2004,Motorcycles,Osaka,Japan,Medium
49,100.0,9774.03,2/20/2004 0:00,Shipped,2,2004,Motorcycles,Melbourne,Australia,Large
39,100.0,7023.9,4/5/2004 0:00,Shipped,4,2004,Motorcycles,NYC,USA,Large
43,100.0,7078.23,5/18/2004 0:00,Shipped,5,2004,Motorcycles,Newark,USA,Large
41,100.0,8336.94,6/28/2004 0:00,Shipped,6,2004,Motorcycles,Bridgewater,USA,Large
36,100.0,6901.92,7/23/2004 0:00,Shipped,7,2004,Motorcycles,Nantes,France,Medium
27,100.0,5438.07,8/27/2004 0:00,Shipped,8,2004,Motorcycles,Cambridge,USA,Medium
29,100.0,6683.34,9/30/2004 0:00,Shipped,9,2004,Motorcycles,Helsinki,Finland,Medium
20,100.0,4570.4,10/15/2004 0:00,Shipped,10,2004,Motorcycles,White Plains,USA,Medium
37,100.0,7667.14,11/2/2004 0:00,Shipped,11,2004,Motorcycles,Allentown,USA,Large
26,100.0,5868.2,11/15/2004 0:00,Shipped,11,2004,Motorcycles,NYC,USA,Medium
39,76.67,2990.13,11/23/2004 0:00,Shipped,11,2004,Motorcycles,Minato-ku,Japan,Small
22,100.0,3664.1,1/5/2005 0:00,Shipped,1,2005,Motorcycles,Burlingame,USA,Medium
22,100.0,3834.38,2/2/2005 0:00,Shipped,2,2005,Motorcycles,South Brisbane,Australia,Medium
21,86.77,1822.17,3/3/2005 0:00,Shipped,3,2005,Motorcycles,New Bedford,USA,Small
66,100.0,11886.6,4/8/2005 0:00,Shipped,4,2005,Motorcycles,Liverpool,UK,Large
56,100.0,9218.16,5/13/2005 0:00,Disputed,5,2005,Motorcycles,Madrid,Spain,Large
50,100.0,7208.0,2/11/2003 0:00,Shipped,2,2003,Classic Cars,Kobenhavn,Denmark,Large
46,100.0,5004.8,4/28/2003 0:00,Shipped,4,2003,Classic Cars,Salzburg,Austria,Medium
33,100.0,4398.24,6/12/2003 0:00,Shipped,6,2003,Classic Cars,London,UK,Medium
49,100.0,5597.76,8/10/2003 0:00,Shipped,8,2003,Classic Cars,New Bedford,USA,Medium
32,100.0,4526.08,10/6/2003 0:00,Shipped,10,2003,Classic Cars,Helsinki,Finland,Medium
44,100.0,5924.16,10/23/2003 0:00,Cancelled,10,2003,Classic Cars,Boras,Sweden,Medium
24,100.0,3492.48,11/8/2003 0:00,Shipped,11,2003,Classic Cars,Toulouse,France,Medium
26,100.0,3854.24,11/14/2003 0:00,Shipped,11,2003,Classic Cars,London,UK,Medium
45,100.0,5324.4,11/26/2003 0:00,Shipped,11,2003,Classic Cars,Barcelona,Spain,Medium
39,100.0,5197.92,1/9/2004 0:00,Shipped,1,2004,Classic Cars,Los Angeles,USA,Medium
49,100.0,5997.6,2/19/2004 0:00,Shipped,2,2004,Classic Cars,San Diego,USA,Medium
20,100.0,2910.4,5/7/2004 0:00,Cancelled,5,2004,Classic Cars,NYC,USA,Small
27,100.0,3378.24,6/17/2004 0:00,Shipped,6,2004,Classic Cars,Montreal,Canada,Medium
30,100.0,3508.8,7/21/2004 0:00,Shipped,7,2004,Classic Cars,Bruxelles,Belgium,Medium
25,100.0,2992.0,8/20/2004 0:00,Shipped,8,2004,Classic Cars,Tsawassen,Canada,Small
24,100.0,3427.2,9/10/2004 0:00,Shipped,9,2004,Classic Cars,Boston,USA,Medium
22,100.0,2692.8,10/14/2004 0:00,Shipped,10,2004,Classic Cars,Philadelphia,USA,Small
33,100.0,4128.96,11/1/2004 0:00,Shipped,11,2004,Classic Cars,Cowes,UK,Medium
47,64.93,3051.71,11/5/2004 0:00,Shipped,11,2004,Classic Cars,Stavern,Norway,Medium
25,48.05,1201.25,11/21/2004 0:00,Shipped,11,2004,Classic Cars,NYC,USA,Small
26,75.47,1962.22,12/2/2004 0:00,Shipped,12,2004,Classic Cars,Madrid,Spain,Small
48,54.68,2624.64,12/15/2004 0:00,Shipped,12,2004,Classic Cars,Reims,France,Small
39,100.0,4046.25,1/31/2005 0:00,Shipped,1,2005,Classic Cars,Oulu,Finland,Medium
34,100.0,4846.7,2/23/2005 0:00,Shipped,2,2005,Classic Cars,San Francisco,USA,Medium
32,100.0,3370.56,3/17/2005 0:00,Shipped,3,2005,Classic Cars,Paris,France,Medium
64,100.0,9661.44,4/1/2005 0:00,Shipped,4,2005,Classic Cars,San Jose,USA,Large
19,100.0,2764.88,5/6/2005 0:00,On Hold,5,2005,Classic Cars,Boston,USA,Small
42,100.0,5398.26,1/29/2003 0:00,Shipped,1,2003,Classic Cars,Stavern,Norway,Medium
31,100.0,4305.28,4/1/2003 0:00,Shipped,4,2003,Classic Cars,Paris,France,Medium
22,100.0,3347.74,5/28/2003 0:00,Shipped,5,2003,Classic Cars,Madrid,Spain,Medium
26,100.0,3188.12,7/24/2003 0:00,Shipped,7,2003,Classic Cars,Burlingame,USA,Medium
20,100.0,3191.2,9/19/2003 0:00,Shipped,9,2003,Classic Cars,Singapore,Singapore,Medium
21,100.0,3536.82,10/21/2003 0:00,Resolved,10,2003,Classic Cars,Graz,Austria,Medium
33,100.0,5362.83,11/6/2003 0:00,Shipped,11,2003,Classic Cars,London,UK,Medium
28,100.0,3433.36,11/13/2003 0:00,Shipped,11,2003,Classic Cars,Philadelphia,USA,Medium
26,100.0,4263.74,11/25/2003 0:00,Shipped,11,2003,Classic Cars,Lyon,France,Medium
31,100.0,4076.19,12/9/2003 0:00,Shipped,12,2003,Classic Cars,Boston,USA,Medium
48,100.0,7020.48,2/4/2004 0:00,Shipped,2,2004,Classic Cars,Singapore,Singapore,Large
50,100.0,6426.5,3/11/2004 0:00,Shipped,3,2004,Classic Cars,San Rafael,USA,Medium
28,100.0,4591.72,5/4/2004 0:00,Shipped,5,2004,Classic Cars,New Haven,USA,Medium
26,100.0,4033.38,6/15/2004 0:00,Shipped,6,2004,Classic Cars,Singapore,Singapore,Medium
32,100.0,4302.08,7/19/2004 0:00,Shipped,7,2004,Classic Cars,Chatswood,Australia,Medium
44,100.0,7020.64,8/19/2004 0:00,Shipped,8,2004,Classic Cars,Allentown,USA,Large
30,100.0,3855.9,9/8/2004 0:00,Shipped,9,2004,Classic Cars,Boras,Sweden,Medium
38,100.0,6680.78,10/13/2004 0:00,Shipped,10,2004,Classic Cars,Cambridge,USA,Medium
40,100.0,6678.0,10/22/2004 0:00,Shipped,10,2004,Classic Cars,Vancouver,Canada,Medium
46,61.99,2851.54,11/4/2004 0:00,Shipped,11,2004,Classic Cars,Nashua,USA,Small
26,100.0,3188.12,11/19/2004 0:00,On Hold,11,2004,Classic Cars,Lule,Sweden,Medium
27,100.0,4428.0,11/29/2004 0:00,Shipped,11,2004,Classic Cars,Melbourne,Australia,Medium
43,100.0,5780.92,12/10/2004 0:00,Shipped,12,2004,Classic Cars,San Rafael,USA,Medium
35,65.63,2297.05,1/20/2005 0:00,Shipped,1,2005,Classic Cars,North Sydney,Australia,Small
37,100.0,6231.54,2/17/2005 0:00,Shipped,2,2005,Classic Cars,San Francisco,USA,Medium
37,46.9,1735.3,3/9/2005 0:00,Shipped,3,2005,Classic Cars,North Sydney,Australia,Small
27,100.0,4427.73,5/1/2005 0:00,Shipped,5,2005,Classic Cars,Montreal,Canada,Medium
38,100.0,5894.94,5/31/2005 0:00,In Process,5,2005,Classic Cars,Nantes,France,Medium
33,100.0,5265.15,3/3/2003 0:00,Shipped,3,2003,Classic Cars,Makati City,Philippines,Medium
42,100.0,7599.9,5/8/2003 0:00,Shipped,5,2003,Classic Cars,Marseille,France,Large
42,100.0,8008.56,7/2/2003 0:00,Shipped,7,2003,Classic Cars,San Rafael,USA,Large
48,100.0,9245.76,9/5/2003 0:00,Shipped,9,2003,Classic Cars,Brickhaven,USA,Large
41,100.0,8296.35,10/10/2003 0:00,Shipped,10,2003,Classic Cars,San Francisco,USA,Large
30,100.0,5019.9,11/4/2003 0:00,Shipped,11,2003,Classic Cars,North Sydney,Australia,Medium
27,100.0,5411.07,11/12/2003 0:00,Shipped,11,2003,Classic Cars,Bergen,Norway,Medium
21,100.0,3840.9,11/20/2003 0:00,Shipped,11,2003,Classic Cars,Koln,Germany,Medium
20,100.0,3930.4,12/2/2003 0:00,Shipped,12,2003,Classic Cars,Madrid,Spain,Medium
41,100.0,7498.9,1/15/2004 0:00,Shipped,1,2004,Classic Cars,Paris,France,Large
27,100.0,4517.91,2/22/2004 0:00,Shipped,2,2004,Classic Cars,Gensve,Switzerland,Medium
28,100.0,5774.72,4/9/2004 0:00,Shipped,4,2004,Classic Cars,Kobenhavn,Denmark,Medium
24,100.0,3922.56,6/1/2004 0:00,Cancelled,6,2004,Classic Cars,Liverpool,UK,Medium
44,100.0,9160.36,7/6/2004 0:00,Shipped,7,2004,Classic Cars,Reggio Emilia,Italy,Large
50,100.0,9631.0,8/2/2004 0:00,Shipped,8,2004,Classic Cars,Brickhaven,USA,Large
21,100.0,3432.24,8/30/2004 0:00,Shipped,8,2004,Classic Cars,Gensve,Switzerland,Medium
33,100.0,5521.89,10/4/2003 0:00,Shipped,10,2003,Classic Cars,Frankfurt,Germany,Medium
33,100.0,6934.62,10/16/2004 0:00,Shipped,10,2004,Classic Cars,Koln,Germany,Medium
31,100.0,6876.11,11/3/2004 0:00,Shipped,11,2004,Classic Cars,Lule,Sweden,Medium
41,71.47,2930.27,11/15/2004 0:00,Shipped,11,2004,Classic Cars,NYC,USA,Small
45,79.65,3584.25,11/24/2004 0:00,Shipped,11,2004,Classic Cars,Salzburg,Austria,Medium
33,85.39,2817.87,1/6/2005 0:00,Shipped,1,2005,Classic Cars,Espoo,Finland,Small
45,76.0,3420.0,2/3/2005 0:00,Shipped,2,2005,Classic Cars,Nantes,France,Medium
26,99.04,2575.04,3/3/2005 0:00,Shipped,3,2005,Classic Cars,Boras,Sweden,Small
12,100.0,1961.28,5/17/2005 0:00,Shipped,5,2005,Classic Cars,Salzburg,Austria,Small
41,100.0,8690.36,2/11/2003 0:00,Shipped,2,2003,Classic Cars,Kobenhavn,Denmark,Large
33,100.0,6034.38,4/16/2003 0:00,Shipped,4,2003,Classic Cars,Singapore,Singapore,Medium
46,100.0,11279.2,6/3/2003 0:00,Shipped,6,2003,Classic Cars,NYC,USA,Large
33,100.0,8023.29,8/8/2003 0:00,Shipped,8,2003,Classic Cars,San Rafael,USA,Large
20,100.0,4904.0,9/28/2003 0:00,Shipped,9,2003,Classic Cars,Madrid,Spain,Medium
44,100.0,8594.52,10/22/2003 0:00,Shipped,10,2003,Classic Cars,Singapore,Singapore,Large
33,100.0,7474.5,11/6/2003 0:00,Shipped,11,2003,Classic Cars,Reggio Emilia,Italy,Large
21,100.0,3883.74,11/14/2003 0:00,Shipped,11,2003,Classic Cars,New Bedford,USA,Medium
47,100.0,8887.7,11/26/2003 0:00,Shipped,11,2003,Classic Cars,New Haven,USA,Large
46,100.0,8602.92,1/2/2004 0:00,Shipped,1,2004,Classic Cars,Lyon,France,Large
32,100.0,7181.44,2/12/2004 0:00,Shipped,2,2004,Classic Cars,Dublin,Ireland,Large
42,100.0,8378.58,3/19/2004 0:00,Shipped,3,2004,Classic Cars,Madrid,Spain,Large
44,100.0,10606.2,5/5/2004 0:00,Shipped,5,2004,Classic Cars,Espoo,Finland,Large
35,100.0,5818.4,7/20/2004 0:00,Shipped,7,2004,Classic Cars,Allentown,USA,Medium
41,100.0,7071.27,8/20/2004 0:00,Shipped,8,2004,Classic Cars,San Rafael,USA,Large
46,100.0,8411.56,9/9/2004 0:00,Shipped,9,2004,Classic Cars,Torino,Italy,Large
31,100.0,6570.76,10/14/2004 0:00,Shipped,10,2004,Classic Cars,Manchester,UK,Medium
38,100.0,7975.44,10/22/2004 0:00,Shipped,10,2004,Classic Cars,Aaarhus,Denmark,Large
42,64.0,2688.0,11/5/2004 0:00,Shipped,11,2004,Classic Cars,Stavern,Norway,Small
33,57.22,1888.26,11/20/2004 0:00,Shipped,11,2004,Classic Cars,Paris,France,Small
48,52.36,2513.28,11/1/2004 0:00,Shipped,11,2004,Classic Cars,Madrid,Spain,Small
42,100.0,4764.48,12/15/2004 0:00,Shipped,12,2004,Classic Cars,Reims,France,Medium
32,100.0,3560.64,1/23/2005 0:00,Shipped,1,2005,Classic Cars,San Rafael,USA,Medium
34,100.0,3823.64,2/17/2005 0:00,Shipped,2,2005,Classic Cars,San Rafael,USA,Medium
33,69.12,2280.96,3/17/2005 0:00,Shipped,3,2005,Classic Cars,Paris,France,Small
36,100.0,8677.8,5/5/2005 0:00,Shipped,5,2005,Classic Cars,Bridgewater,USA,Large
27,100.0,3394.98,1/29/2003 0:00,Shipped,1,2003,Trucks and Buses,Stavern,Norway,Medium
21,100.0,3415.44,3/26/2003 0:00,Shipped,3,2003,Trucks and Buses,San Rafael,USA,Medium
21,100.0,2439.57,5/28/2003 0:00,Shipped,5,2003,Trucks and Buses,Madrid,Spain,Small
38,100.0,4829.8,7/24/2003 0:00,Shipped,7,2003,Trucks and Buses,Burlingame,USA,Medium
30,100.0,4100.1,9/19/2003 0:00,Shipped,9,2003,Trucks and Buses,Singapore,Singapore,Medium
49,100.0,6563.06,10/21/2003 0:00,Resolved,10,2003,Trucks and Buses,Graz,Austria,Medium
43,100.0,6817.22,11/6/2003 0:00,Shipped,11,2003,Trucks and Buses,South Brisbane,Australia,Medium
41,100.0,6163.94,11/13/2003 0:00,Shipped,11,2003,Trucks and Buses,Philadelphia,USA,Medium
38,100.0,4933.92,11/25/2003 0:00,Shipped,11,2003,Trucks and Buses,Lyon,France,Medium
28,100.0,4056.36,12/5/2003 0:00,Shipped,12,2003,Trucks and Buses,Vancouver,Canada,Medium
43,100.0,5759.42,2/2/2004 0:00,Shipped,2,2004,Trucks and Buses,Versailles,France,Medium
25,100.0,3451.0,3/11/2004 0:00,Shipped,3,2004,Trucks and Buses,San Rafael,USA,Medium
38,100.0,5920.4,5/4/2004 0:00,Shipped,5,2004,Trucks and Buses,New Haven,USA,Medium
41,100.0,6668.24,6/15/2004 0:00,Shipped,6,2004,Trucks and Buses,Minato-ku,Japan,Medium
28,100.0,4094.72,7/19/2004 0:00,Shipped,7,2004,Trucks and Buses,Chatswood,Australia,Medium
25,100.0,2938.5,8/19/2004 0:00,Shipped,8,2004,Trucks and Buses,Allentown,USA,Small
41,100.0,6387.8,9/8/2004 0:00,Shipped,9,2004,Trucks and Buses,Boras,Sweden,Medium
39,100.0,6396.0,10/11/2004 0:00,Shipped,10,2004,Trucks and Buses,Versailles,France,Medium
21,100.0,2669.1,10/22/2004 0:00,Shipped,10,2004,Trucks and Buses,Vancouver,Canada,Small
27,100.0,4784.13,11/4/2004 0:00,Shipped,11,2004,Trucks and Buses,Nashua,USA,Medium
33,99.21,3273.93,11/18/2004 0:00,Shipped,11,2004,Trucks and Buses,San Francisco,USA,Medium
29,100.0,3586.43,11/29/2004 0:00,Shipped,11,2004,Trucks and Buses,Melbourne,Australia,Medium
49,100.0,5960.36,12/10/2004 0:00,Shipped,12,2004,Trucks and Buses,San Rafael,USA,Medium
49,100.0,8470.14,1/20/2005 0:00,Shipped,1,2005,Trucks and Buses,North Sydney,Australia,Large
20,100.0,2952.0,2/17/2005 0:00,Shipped,2,2005,Trucks and Buses,San Francisco,USA,Small
39,63.2,2464.8,3/9/2005 0:00,Shipped,3,2005,Trucks and Buses,North Sydney,Australia,Small
40,100.0,6232.0,5/1/2005 0:00,Shipped,5,2005,Trucks and Buses,Montreal,Canada,Medium
49,100.0,7969.36,5/31/2005 0:00,In Process,5,2005,Trucks and Buses,Madrid,Spain,Large
21,100.0,3036.6,2/24/2003 0:00,Shipped,2,2003,Motorcycles,NYC,USA,Medium
50,100.0,8284.0,5/7/2003 0:00,Shipped,5,2003,Motorcycles,Reims,France,Large
20,100.0,2711.2,7/1/2003 0:00,Shipped,7,2003,Motorcycles,Paris,France,Small
49,100.0,8339.8,8/25/2003 0:00,Shipped,8,2003,Motorcycles,Pasadena,USA,Large
38,100.0,6238.84,10/10/2003 0:00,Shipped,10,2003,Motorcycles,San Francisco,USA,Medium
35,100.0,4639.25,11/4/2003 0:00,Shipped,11,2003,Motorcycles,North Sydney,Australia,Medium
40,100.0,6747.6,11/11/2003 0:00,Shipped,11,2003,Motorcycles,Lille,France,Medium
28,100.0,4512.48,11/18/2003 0:00,Shipped,11,2003,Motorcycles,Pasadena,USA,Medium
25,100.0,4029.0,12/1/2003 0:00,Shipped,12,2003,Motorcycles,San Francisco,USA,Medium
36,100.0,4771.8,1/15/2004 0:00,Shipped,1,2004,Motorcycles,Paris,France,Medium
43,100.0,6087.94,2/21/2004 0:00,Shipped,2,2004,Motorcycles,Lille,France,Medium
32,100.0,4193.28,4/5/2004 0:00,Shipped,4,2004,Motorcycles,NYC,USA,Medium
46,100.0,7552.28,5/18/2004 0:00,Shipped,5,2004,Motorcycles,Newark,USA,Large
48,100.0,6434.4,6/28/2004 0:00,Shipped,6,2004,Motorcycles,Bridgewater,USA,Medium
43,100.0,5181.5,8/2/2004 0:00,Shipped,8,2004,Motorcycles,Brickhaven,USA,Medium
49,100.0,6863.92,8/27/2004 0:00,Shipped,8,2004,Motorcycles,Cambridge,USA,Medium
24,100.0,4157.04,9/30/2004 0:00,Shipped,9,2004,Motorcycles,Helsinki,Finland,Medium
26,100.0,4660.24,10/15/2004 0:00,Shipped,10,2004,Motorcycles,Stavern,Norway,Medium
30,100.0,4111.8,11/3/2004 0:00,Shipped,11,2004,Motorcycles,NYC,USA,Medium
24,100.0,3542.64,11/15/2004 0:00,Shipped,11,2004,Motorcycles,NYC,USA,Medium
55,100.0,8118.55,11/24/2004 0:00,Shipped,11,2004,Motorcycles,Salzburg,Austria,Large
22,100.0,3877.06,1/5/2005 0:00,Shipped,1,2005,Motorcycles,Burlingame,USA,Medium
49,78.92,3867.08,2/3/2005 0:00,Shipped,2,2005,Motorcycles,Nantes,France,Medium
44,100.0,5951.44,3/3/2005 0:00,Shipped,3,2005,Motorcycles,New Bedford,USA,Medium
66,100.0,8648.64,4/8/2005 0:00,Shipped,4,2005,Motorcycles,Liverpool,UK,Large
21,100.0,3447.78,5/13/2005 0:00,Disputed,5,2005,Motorcycles,Madrid,Spain,Medium
34,100.0,5958.5,1/31/2003 0:00,Shipped,1,2003,Classic Cars,Madrid,Spain,Medium
43,100.0,5911.64,4/16/2003 0:00,Shipped,4,2003,Classic Cars,Singapore,Singapore,Medium
46,100.0,7366.44,6/3/2003 0:00,Shipped,6,2003,Classic Cars,NYC,USA,Large
33,100.0,4985.64,8/8/2003 0:00,Shipped,8,2003,Classic Cars,San Rafael,USA,Medium
42,100.0,5393.64,9/28/2003 0:00,Shipped,9,2003,Classic Cars,Madrid,Spain,Medium
34,100.0,4880.02,10/22/2003 0:00,Shipped,10,2003,Classic Cars,Singapore,Singapore,Medium
47,100.0,8378.69,11/6/2003 0:00,Shipped,11,2003,Classic Cars,Reggio Emilia,Italy,Large
33,100.0,4038.21,11/14/2003 0:00,Shipped,11,2003,Classic Cars,New Bedford,USA,Medium
24,100.0,3807.12,11/26/2003 0:00,Shipped,11,2003,Classic Cars,New Haven,USA,Medium
26,100.0,3142.36,1/2/2004 0:00,Shipped,1,2004,Classic Cars,Lyon,France,Medium
30,100.0,4713.6,2/12/2004 0:00,Shipped,2,2004,Classic Cars,Dublin,Ireland,Medium
43,100.0,7016.31,3/15/2004 0:00,Shipped,3,2004,Classic Cars,Frankfurt,Germany,Large
25,100.0,4381.25,5/5/2004 0:00,Shipped,5,2004,Classic Cars,Espoo,Finland,Medium
27,100.0,4283.01,7/20/2004 0:00,Shipped,7,2004,Classic Cars,Allentown,USA,Medium
27,100.0,4364.82,8/20/2004 0:00,Shipped,8,2004,Classic Cars,San Rafael,USA,Medium
24,100.0,4242.24,9/9/2004 0:00,Shipped,9,2004,Classic Cars,Torino,Italy,Medium
34,100.0,4982.7,10/14/2004 0:00,Shipped,10,2004,Classic Cars,Manchester,UK,Medium
46,100.0,6393.54,10/22/2004 0:00,Shipped,10,2004,Classic Cars,Aaarhus,Denmark,Medium
27,54.33,1466.91,11/5/2004 0:00,Shipped,11,2004,Classic Cars,NYC,USA,Small
33,100.0,4059.33,11/20/2004 0:00,Shipped,11,2004,Classic Cars,Paris,France,Medium
47,100.0,4801.52,11/1/2004 0:00,Shipped,11,2004,Classic Cars,Madrid,Spain,Medium
49,55.34,2711.66,12/10/2004 0:00,Shipped,12,2004,Classic Cars,Madrid,Spain,Small
40,100.0,5862.0,1/26/2005 0:00,Shipped,1,2005,Classic Cars,Minato-ku,Japan,Medium
37,100.0,4071.85,2/17/2005 0:00,Shipped,2,2005,Classic Cars,San Rafael,USA,Medium
47,100.0,8236.75,5/5/2005 0:00,Shipped,5,2005,Classic Cars,Bridgewater,USA,Large
45,100.0,6130.35,3/3/2003 0:00,Shipped,3,2003,Classic Cars,Makati City,Philippines,Medium
37,99.82,3693.34,5/8/2003 0:00,Shipped,5,2003,Classic Cars,Marseille,France,Medium
48,100.0,6031.68,7/2/2003 0:00,Shipped,7,2003,Classic Cars,San Rafael,USA,Medium
31,100.0,3494.94,9/5/2003 0:00,Shipped,9,2003,Classic Cars,Brickhaven,USA,Medium
46,100.0,5294.14,10/11/2003 0:00,Shipped,10,2003,Classic Cars,Los Angeles,USA,Medium
47,100.0,5464.69,11/4/2003 0:00,Shipped,11,2003,Classic Cars,Graz,Austria,Medium
28,100.0,2860.76,11/12/2003 0:00,Shipped,11,2003,Classic Cars,Bergen,Norway,Small
40,100.0,5590.0,11/20/2003 0:00,Shipped,11,2003,Classic Cars,Koln,Germany,Medium
20,100.0,2254.8,12/2/2003 0:00,Shipped,12,2003,Classic Cars,Madrid,Spain,Small
39,100.0,4946.76,1/16/2004 0:00,Shipped,1,2004,Classic Cars,Madrid,Spain,Medium
25,99.82,2495.5,2/22/2004 0:00,Shipped,2,2004,Classic Cars,Gensve,Switzerland,Small
29,100.0,3167.38,4/9/2004 0:00,Shipped,4,2004,Classic Cars,Kobenhavn,Denmark,Medium
22,100.0,2402.84,6/1/2004 0:00,Cancelled,6,2004,Classic Cars,Liverpool,UK,Small
22,100.0,2454.54,7/6/2004 0:00,Shipped,7,2004,Classic Cars,Reggio Emilia,Italy,Small
47,100.0,5464.69,8/2/2004 0:00,Shipped,8,2004,Classic Cars,Brickhaven,USA,Medium
45,100.0,4756.5,8/30/2004 0:00,Shipped,8,2004,Classic Cars,Gensve,Switzerland,Medium
29,100.0,3984.6,10/4/2003 0:00,Shipped,10,2003,Classic Cars,Frankfurt,Germany,Medium
24,100.0,3100.32,10/16/2004 0:00,Shipped,10,2004,Classic Cars,Koln,Germany,Medium
35,100.0,4850.3,11/3/2004 0:00,Shipped,11,2004,Classic Cars,Lule,Sweden,Medium
46,83.63,3846.98,11/15/2004 0:00,Shipped,11,2004,Classic Cars,NYC,USA,Medium
44,95.93,4220.92,11/24/2004 0:00,Shipped,11,2004,Classic Cars,Salzburg,Austria,Medium
34,96.73,3288.82,1/6/2005 0:00,Shipped,1,2005,Classic Cars,Espoo,Finland,Medium
35,100.0,3987.2,2/8/2005 0:00,Shipped,2,2005,Classic Cars,Glendale,USA,Medium
25,72.38,1809.5,3/3/2005 0:00,Shipped,3,2005,Classic Cars,Boras,Sweden,Small
10,100.0,1092.2,5/17/2005 0:00,Shipped,5,2005,Classic Cars,Salzburg,Austria,Small
29,100.0,4566.05,2/11/2003 0:00,Shipped,2,2003,Classic Cars,Kobenhavn,Denmark,Medium
39,100.0,5938.14,4/16/2003 0:00,Shipped,4,2003,Classic Cars,Singapore,Singapore,Medium
42,100.0,8138.76,6/3/2003 0:00,Shipped,6,2003,Classic Cars,NYC,USA,Large
46,100.0,9470.94,8/8/2003 0:00,Shipped,8,2003,Classic Cars,San Rafael,USA,Large
49,100.0,7036.89,9/28/2003 0:00,Shipped,9,2003,Classic Cars,Madrid,Spain,Large
27,100.0,5559.03,10/22/2003 0:00,Shipped,10,2003,Classic Cars,Singapore,Singapore,Medium
50,100.0,7872.5,11/6/2003 0:00,Shipped,11,2003,Classic Cars,Reggio Emilia,Italy,Large
43,100.0,7886.2,11/14/2003 0:00,Shipped,11,2003,Classic Cars,New Bedford,USA,Large
38,100.0,7232.16,11/26/2003 0:00,Shipped,11,2003,Classic Cars,New Haven,USA,Large
20,100.0,3114.4,1/2/2004 0:00,Shipped,1,2004,Classic Cars,Lyon,France,Medium
27,100.0,5045.22,2/12/2004 0:00,Shipped,2,2004,Classic Cars,Dublin,Ireland,Medium
49,100.0,6952.12,3/19/2004 0:00,Shipped,3,2004,Classic Cars,Madrid,Spain,Medium
27,100.0,4157.73,5/5/2004 0:00,Shipped,5,2004,Classic Cars,Espoo,Finland,Medium
39,100.0,7962.24,7/20/2004 0:00,Shipped,7,2004,Classic Cars,Allentown,USA,Large
24,100.0,3778.8,8/20/2004 0:00,Shipped,8,2004,Classic Cars,San Rafael,USA,Medium
45,100.0,8253.0,9/9/2004 0:00,Shipped,9,2004,Classic Cars,Torino,Italy,Large
20,100.0,3633.4,10/14/2004 0:00,Shipped,10,2004,Classic Cars,Manchester,UK,Medium
36,100.0,6913.8,10/22/2004 0:00,Shipped,10,2004,Classic Cars,Aaarhus,Denmark,Medium
24,100.0,2583.6,11/5/2004 0:00,Shipped,11,2004,Classic Cars,Stavern,Norway,Small
49,63.38,3105.62,11/20/2004 0:00,Shipped,11,2004,Classic Cars,Paris,France,Medium
26,100.0,4408.56,12/1/2004 0:00,Shipped,12,2004,Classic Cars,NYC,USA,Medium
49,62.09,3042.41,12/15/2004 0:00,Shipped,12,2004,Classic Cars,Reims,France,Medium
34,100.0,5941.5,1/26/2005 0:00,Shipped,1,2005,Classic Cars,Minato-ku,Japan,Medium
34,95.35,3241.9,2/17/2005 0:00,Shipped,2,2005,Classic Cars,San Rafael,USA,Medium
33,100.0,6109.29,3/23/2005 0:00,Shipped,3,2005,Classic Cars,San Rafael,USA,Medium
22,100.0,3387.78,5/5/2005 0:00,Shipped,5,2005,Classic Cars,Bridgewater,USA,Medium
39,89.38,3485.82,3/3/2003 0:00,Shipped,3,2003,Classic Cars,Makati City,Philippines,Medium
32,63.84,2042.88,5/8/2003 0:00,Shipped,5,2003,Classic Cars,Marseille,France,Small
24,75.01,1800.24,7/2/2003 0:00,Shipped,7,2003,Classic Cars,San Rafael,USA,Small
21,63.84,1340.64,9/5/2003 0:00,Shipped,9,2003,Classic Cars,Brickhaven,USA,Small
24,73.42,1762.08,10/10/2003 0:00,Shipped,10,2003,Classic Cars,San Francisco,USA,Small
36,63.84,2298.24,11/4/2003 0:00,Shipped,11,2003,Classic Cars,North Sydney,Australia,Small
20,81.4,1628.0,11/12/2003 0:00,Shipped,11,2003,Classic Cars,Bergen,Norway,Small
30,64.64,1939.2,11/20/2003 0:00,Shipped,11,2003,Classic Cars,Koln,Germany,Small
44,82.99,3651.56,12/2/2003 0:00,Shipped,12,2003,Classic Cars,Madrid,Spain,Medium
28,92.57,2591.96,1/15/2004 0:00,Shipped,1,2004,Classic Cars,Paris,France,Small
37,77.41,2864.17,2/22/2004 0:00,Shipped,2,2004,Classic Cars,Gensve,Switzerland,Small
20,74.21,1484.2,4/9/2004 0:00,Shipped,4,2004,Classic Cars,Kobenhavn,Denmark,Small
25,90.17,2254.25,6/1/2004 0:00,Cancelled,6,2004,Classic Cars,Liverpool,UK,Small
35,76.61,2681.35,7/6/2004 0:00,Shipped,7,2004,Classic Cars,Reggio Emilia,Italy,Small
38,83.79,3184.02,8/2/2004 0:00,Shipped,8,2004,Classic Cars,Brickhaven,USA,Medium
41,69.43,2846.63,8/30/2004 0:00,Shipped,8,2004,Classic Cars,Gensve,Switzerland,Small
22,76.61,1685.42,10/4/2003 0:00,Shipped,10,2003,Classic Cars,Frankfurt,Germany,Small
49,81.4,3988.6,10/16/2004 0:00,Shipped,10,2004,Classic Cars,Koln,Germany,Medium
38,73.42,2789.96,11/3/2004 0:00,Shipped,11,2004,Classic Cars,Lule,Sweden,Small
33,100.0,3607.56,11/15/2004 0:00,Shipped,11,2004,Classic Cars,NYC,USA,Medium
36,93.56,3368.16,11/24/2004 0:00,Shipped,11,2004,Classic Cars,Salzburg,Austria,Medium
34,81.62,2775.08,1/6/2005 0:00,Shipped,1,2005,Classic Cars,Espoo,Finland,Small
24,67.83,1627.92,2/9/2005 0:00,Shipped,2,2005,Classic Cars,Helsinki,Finland,Small
36,70.26,2529.36,3/3/2005 0:00,Shipped,3,2005,Classic Cars,Boras,Sweden,Small
34,90.17,3065.78,5/17/2005 0:00,Shipped,5,2005,Classic Cars,Salzburg,Austria,Medium
41,100.0,4615.78,1/31/2003 0:00,Shipped,1,2003,Trucks and Buses,Madrid,Spain,Medium
46,100.0,5723.78,4/4/2003 0:00,Shipped,4,2003,Trucks and Buses,NYC,USA,Medium
24,100.0,2559.6,6/3/2003 0:00,Shipped,6,2003,Trucks and Buses,NYC,USA,Small
21,100.0,2140.11,8/1/2003 0:00,Shipped,8,2003,Trucks and Buses,Espoo,Finland,Small
24,100.0,3327.6,9/21/2003 0:00,Shipped,9,2003,Trucks and Buses,Oulu,Finland,Medium
48,100.0,6825.6,10/22/2003 0:00,Shipped,10,2003,Trucks and Buses,Singapore,Singapore,Medium
26,100.0,3543.28,11/6/2003 0:00,Shipped,11,2003,Trucks and Buses,London,UK,Medium
37,100.0,4516.22,11/14/2003 0:00,Shipped,11,2003,Trucks and Buses,Sevilla,Spain,Medium
49,100.0,6445.46,11/25/2003 0:00,Shipped,11,2003,Trucks and Buses,White Plains,USA,Medium
34,99.54,3384.36,12/9/2003 0:00,Shipped,12,2003,Trucks and Buses,Boston,USA,Medium
48,100.0,4891.68,2/10/2004 0:00,Shipped,2,2004,Trucks and Buses,Brisbane,USA,Medium
36,100.0,4521.96,3/11/2004 0:00,Shipped,3,2004,Trucks and Buses,San Rafael,USA,Medium
46,100.0,5069.66,5/5/2004 0:00,Shipped,5,2004,Trucks and Buses,Madrid,Spain,Medium
46,100.0,6541.2,6/15/2004 0:00,Shipped,6,2004,Trucks and Buses,Singapore,Singapore,Medium
31,97.17,3012.27,7/20/2004 0:00,Shipped,7,2004,Trucks and Buses,San Rafael,USA,Medium
41,100.0,5247.18,8/19/2004 0:00,Shipped,8,2004,Trucks and Buses,Allentown,USA,Medium
21,100.0,2214.87,9/8/2004 0:00,Shipped,9,2004,Trucks and Buses,NYC,USA,Small
38,100.0,4773.18,10/13/2004 0:00,Shipped,10,2004,Trucks and Buses,Cambridge,USA,Medium
45,100.0,6185.7,10/22/2004 0:00,Shipped,10,2004,Trucks and Buses,Aaarhus,Denmark,Medium
26,58.38,1517.88,11/5/2004 0:00,Shipped,11,2004,Trucks and Buses,NYC,USA,Small
38,100.0,6372.6,11/20/2004 0:00,Shipped,11,2004,Trucks and Buses,Paris,France,Medium
48,100.0,5232.96,12/1/2004 0:00,Shipped,12,2004,Trucks and Buses,NYC,USA,Medium
42,64.16,2694.72,12/10/2004 0:00,Shipped,12,2004,Trucks and Buses,Madrid,Spain,Small
49,35.71,1749.79,1/23/2005 0:00,Shipped,1,2005,Trucks and Buses,San Rafael,USA,Small
32,66.58,2130.56,2/17/2005 0:00,Shipped,2,2005,Trucks and Buses,San Rafael,USA,Small
54,100.0,5951.34,5/3/2005 0:00,Shipped,5,2005,Trucks and Buses,Madrid,Spain,Medium
33,100.0,4692.6,5/31/2005 0:00,In Process,5,2005,Trucks and Buses,Nantes,France,Medium
36,100.0,3731.04,3/3/2003 0:00,Shipped,3,2003,Classic Cars,Makati City,Philippines,Medium
20,100.0,2142.0,5/8/2003 0:00,Shipped,5,2003,Classic Cars,Marseille,France,Small
29,97.89,2838.81,7/2/2003 0:00,Shipped,7,2003,Classic Cars,San Rafael,USA,Small
33,97.89,3230.37,9/5/2003 0:00,Shipped,9,2003,Classic Cars,Brickhaven,USA,Medium
50,100.0,5182.0,10/11/2003 0:00,Shipped,10,2003,Classic Cars,Los Angeles,USA,Medium
41,100.0,4391.1,11/4/2003 0:00,Shipped,11,2003,Classic Cars,Graz,Austria,Medium
36,100.0,4477.32,11/12/2003 0:00,Shipped,11,2003,Classic Cars,Bergen,Norway,Medium
27,100.0,3544.56,11/20/2003 0:00,Shipped,11,2003,Classic Cars,Nashua,USA,Medium
47,100.0,5195.85,12/2/2003 0:00,Shipped,12,2003,Classic Cars,Madrid,Spain,Medium
33,100.0,4180.44,1/16/2004 0:00,Shipped,1,2004,Classic Cars,Madrid,Spain,Medium
21,100.0,2684.43,2/22/2004 0:00,Shipped,2,2004,Classic Cars,Gensve,Switzerland,Small
21,93.28,1958.88,4/12/2004 0:00,Shipped,4,2004,Classic Cars,Oulu,Finland,Small
41,100.0,4910.57,6/1/2004 0:00,Cancelled,6,2004,Classic Cars,Liverpool,UK,Medium
40,100.0,4468.4,7/6/2004 0:00,Shipped,7,2004,Classic Cars,Reggio Emilia,Italy,Medium
28,100.0,3127.88,8/4/2004 0:00,Shipped,8,2004,Classic Cars,Singapore,Singapore,Medium
23,100.0,2675.13,8/30/2004 0:00,Shipped,8,2004,Classic Cars,Gensve,Switzerland,Small
23,100.0,2807.61,10/4/2003 0:00,Shipped,10,2003,Classic Cars,Frankfurt,Germany,Small
25,100.0,2504.75,10/16/2004 0:00,Shipped,10,2004,Classic Cars,Koln,Germany,Small
24,100.0,2984.88,11/4/2004 0:00,Shipped,11,2004,Classic Cars,New Bedford,USA,Small
39,64.74,2524.86,11/15/2004 0:00,Shipped,11,2004,Classic Cars,NYC,USA,Small
55,75.2,4136.0,11/24/2004 0:00,Shipped,11,2004,Classic Cars,Salzburg,Austria,Medium
46,88.45,4068.7,1/6/2005 0:00,Shipped,1,2005,Classic Cars,Espoo,Finland,Medium
50,100.0,5182.0,2/9/2005 0:00,Shipped,2,2005,Classic Cars,Helsinki,Finland,Medium
47,100.0,5243.79,3/3/2005 0:00,Shipped,3,2005,Classic Cars,Boras,Sweden,Medium
97,93.28,9048.16,4/14/2005 0:00,Shipped,4,2005,Classic Cars,Strasbourg,France,Large
32,100.0,3832.64,5/17/2005 0:00,Shipped,5,2005,Classic Cars,Salzburg,Austria,Medium
35,100.0,3920.0,1/29/2003 0:00,Shipped,1,2003,Trucks and Buses,Stavern,Norway,Medium
49,100.0,4916.66,3/26/2003 0:00,Shipped,3,2003,Trucks and Buses,San Rafael,USA,Medium
38,100.0,3857.0,5/28/2003 0:00,Shipped,5,2003,Trucks and Buses,Madrid,Spain,Medium
32,100.0,4181.44,7/24/2003 0:00,Shipped,7,2003,Trucks and Buses,Burlingame,USA,Medium
34,100.0,4641.0,9/19/2003 0:00,Shipped,9,2003,Trucks and Buses,Singapore,Singapore,Medium
36,99.17,3570.12,10/21/2003 0:00,Resolved,10,2003,Trucks and Buses,Graz,Austria,Medium
48,93.34,4480.32,11/6/2003 0:00,Shipped,11,2003,Trucks and Buses,South Brisbane,Australia,Medium
21,96.84,2033.64,11/13/2003 0:00,Shipped,11,2003,Trucks and Buses,Philadelphia,USA,Small
21,93.34,1960.14,11/25/2003 0:00,Shipped,11,2003,Trucks and Buses,Lyon,France,Small
34,100.0,3966.78,12/5/2003 0:00,Shipped,12,2003,Trucks and Buses,Vancouver,Canada,Medium
46,100.0,5152.0,1/29/2004 0:00,Shipped,1,2004,Trucks and Buses,Burbank,USA,Medium
32,100.0,3360.0,3/10/2004 0:00,Shipped,3,2004,Trucks and Buses,Cambridge,USA,Medium
29,100.0,3451.0,5/4/2004 0:00,Shipped,5,2004,Trucks and Buses,New Haven,USA,Medium
41,100.0,5453.0,6/15/2004 0:00,Shipped,6,2004,Trucks and Buses,Minato-ku,Japan,Medium
43,96.84,4164.12,7/19/2004 0:00,Shipped,7,2004,Trucks and Buses,Chatswood,Australia,Medium
24,100.0,2800.08,8/17/2004 0:00,Shipped,8,2004,Trucks and Buses,Torino,Italy,Small
41,100.0,4687.94,9/8/2004 0:00,Shipped,9,2004,Trucks and Buses,Boras,Sweden,Medium
46,98.0,4508.0,10/11/2004 0:00,Shipped,10,2004,Trucks and Buses,Versailles,France,Medium
32,100.0,4181.44,10/21/2004 0:00,Shipped,10,2004,Trucks and Buses,San Rafael,USA,Medium
22,100.0,2251.04,11/4/2004 0:00,Shipped,11,2004,Trucks and Buses,Nashua,USA,Small
29,40.25,1167.25,11/18/2004 0:00,Shipped,11,2004,Trucks and Buses,San Francisco,USA,Small
42,49.6,2083.2,11/29/2004 0:00,Shipped,11,2004,Trucks and Buses,Melbourne,Australia,Small
39,98.0,3822.0,12/10/2004 0:00,Shipped,12,2004,Trucks and Buses,San Rafael,USA,Medium
27,100.0,3911.49,1/20/2005 0:00,Shipped,1,2005,Trucks and Buses,North Sydney,Australia,Medium
48,98.0,4704.0,2/17/2005 0:00,Shipped,2,2005,Trucks and Buses,San Francisco,USA,Medium
29,85.1,2467.9,3/9/2005 0:00,Shipped,3,2005,Trucks and Buses,North Sydney,Australia,Small
27,100.0,3213.0,5/1/2005 0:00,Shipped,5,2005,Trucks and Buses,Montreal,Canada,Medium
54,100.0,7182.0,5/31/2005 0:00,In Process,5,2005,Trucks and Buses,Madrid,Spain,Large
26,100.0,4379.18,3/10/2003 0:00,Shipped,3,2003,Classic Cars,Philadelphia,USA,Medium
34,100.0,5004.8,5/8/2003 0:00,Shipped,5,2003,Classic Cars,Marseille,France,Medium
25,100.0,3644.75,7/4/2003 0:00,Shipped,7,2003,Classic Cars,Toulouse,France,Medium
23,100.0,2702.04,9/11/2003 0:00,Shipped,9,2003,Classic Cars,North Sydney,Australia,Small
28,100.0,3764.88,10/17/2003 0:00,Shipped,10,2003,Classic Cars,Aaarhus,Denmark,Medium
35,100.0,4508.0,11/5/2003 0:00,Shipped,11,2003,Classic Cars,Montreal,Canada,Medium
44,100.0,5418.16,11/12/2003 0:00,Shipped,11,2003,Classic Cars,Bergen,Norway,Medium
22,100.0,3300.66,11/20/2003 0:00,Shipped,11,2003,Classic Cars,Nashua,USA,Medium
42,100.0,6182.4,12/2/2003 0:00,Shipped,12,2003,Classic Cars,NYC,USA,Medium
29,100.0,4186.73,1/16/2004 0:00,Shipped,1,2004,Classic Cars,Madrid,Spain,Medium
32,100.0,4529.28,2/22/2004 0:00,Shipped,2,2004,Classic Cars,Gensve,Switzerland,Medium
41,100.0,5628.89,4/13/2004 0:00,Shipped,4,2004,Classic Cars,Osaka,Japan,Medium
26,100.0,3054.48,6/1/2004 0:00,Cancelled,6,2004,Classic Cars,Liverpool,UK,Medium
21,100.0,2526.51,7/6/2004 0:00,Shipped,7,2004,Classic Cars,Reggio Emilia,Italy,Small
34,100.0,4667.86,8/6/2004 0:00,Shipped,8,2004,Classic Cars,Las Vegas,USA,Medium
41,100.0,6499.32,8/30/2004 0:00,Shipped,8,2004,Classic Cars,Gensve,Switzerland,Medium
37,100.0,5917.78,10/5/2003 0:00,Shipped,10,2003,Classic Cars,Oslo,Norway,Medium
37,100.0,6231.91,10/16/2004 0:00,Shipped,10,2004,Classic Cars,Koln,Germany,Medium
41,100.0,5803.14,11/4/2004 0:00,Shipped,11,2004,Classic Cars,New Bedford,USA,Medium
46,100.0,6434.02,11/17/2004 0:00,Shipped,11,2004,Classic Cars,Philadelphia,USA,Medium
40,100.0,6454.4,11/24/2004 0:00,Shipped,11,2004,Classic Cars,Melbourne,Australia,Medium
43,97.6,4196.8,12/9/2004 0:00,Shipped,12,2004,Classic Cars,Paris,France,Medium
30,87.06,2611.8,1/7/2005 0:00,Shipped,1,2005,Classic Cars,New Bedford,USA,Small
35,100.0,5895.05,2/9/2005 0:00,Shipped,2,2005,Classic Cars,Helsinki,Finland,Medium
36,93.77,3375.72,3/4/2005 0:00,Shipped,3,2005,Classic Cars,San Rafael,USA,Medium
61,100.0,8374.69,4/15/2005 0:00,Disputed,4,2005,Classic Cars,Kobenhavn,Denmark,Large
38,100.0,4464.24,5/17/2005 0:00,Shipped,5,2005,Classic Cars,Salzburg,Austria,Medium
39,100.0,4808.31,1/10/2003 0:00,Shipped,1,2003,Vintage Cars,NYC,USA,Medium
33,99.66,3288.78,3/25/2003 0:00,Shipped,3,2003,Vintage Cars,San Francisco,USA,Medium
32,100.0,3254.72,5/21/2003 0:00,Shipped,5,2003,Vintage Cars,Melbourne,Australia,Medium
31,100.0,3184.94,7/16/2003 0:00,Shipped,7,2003,Vintage Cars,Chatswood,Australia,Medium
50,100.0,5907.5,9/12/2003 0:00,Shipped,9,2003,Vintage Cars,Brisbane,USA,Medium
48,91.44,4389.12,10/18/2003 0:00,Shipped,10,2003,Vintage Cars,San Francisco,USA,Medium
43,100.0,5036.16,11/5/2003 0:00,Shipped,11,2003,Vintage Cars,Bergamo,Italy,Medium
25,87.33,2183.25,11/12/2003 0:00,Shipped,11,2003,Vintage Cars,San Rafael,USA,Small
28,100.0,3106.88,11/21/2003 0:00,Shipped,11,2003,Vintage Cars,Glen Waverly,Australia,Medium
36,100.0,3735.72,12/3/2003 0:00,Shipped,12,2003,Vintage Cars,Madrid,Spain,Medium
27,89.38,2413.26,1/29/2004 0:00,Shipped,1,2004,Vintage Cars,Burbank,USA,Small
25,100.0,2953.75,3/2/2004 0:00,Shipped,3,2004,Vintage Cars,Lyon,France,Small
40,100.0,4684.8,4/29/2004 0:00,Shipped,4,2004,Vintage Cars,Madrid,Spain,Medium
34,95.55,3248.7,6/8/2004 0:00,Shipped,6,2004,Vintage Cars,Kobenhavn,Denmark,Medium
50,100.0,5239.5,8/17/2004 0:00,Shipped,8,2004,Vintage Cars,Torino,Italy,Medium
38,100.0,4567.98,9/3/2004 0:00,Shipped,9,2004,Vintage Cars,Bergen,Norway,Medium
37,95.55,3535.35,10/11/2004 0:00,Shipped,10,2004,Vintage Cars,Versailles,France,Medium
43,89.38,3843.34,10/21/2004 0:00,Shipped,10,2004,Vintage Cars,San Rafael,USA,Medium
43,86.3,3710.9,11/4/2004 0:00,Shipped,11,2004,Vintage Cars,Nashua,USA,Medium
46,95.13,4375.98,11/17/2004 0:00,Shipped,11,2004,Vintage Cars,Manchester,UK,Medium
42,36.11,1516.62,11/29/2004 0:00,Shipped,11,2004,Vintage Cars,Las Vegas,USA,Small
50,50.18,2509.0,12/9/2004 0:00,Shipped,12,2004,Vintage Cars,Paris,France,Small
44,100.0,9240.44,1/20/2005 0:00,Shipped,1,2005,Vintage Cars,Brickhaven,USA,Large
27,93.16,2515.32,2/16/2005 0:00,Shipped,2,2005,Vintage Cars,Madrid,Spain,Small
35,100.0,5548.9,3/9/2005 0:00,Shipped,3,2005,Vintage Cars,North Sydney,Australia,Medium
51,95.55,4873.05,5/30/2005 0:00,In Process,5,2005,Vintage Cars,Allentown,USA,Medium
41,50.14,2055.74,1/10/2003 0:00,Shipped,1,2003,Vintage Cars,NYC,USA,Small
48,49.06,2354.88,3/25/2003 0:00,Shipped,3,2003,Vintage Cars,San Francisco,USA,Small
42,54.99,2309.58,5/28/2003 0:00,Shipped,5,2003,Vintage Cars,Madrid,Spain,Small
49,43.13,2113.37,7/16/2003 0:00,Shipped,7,2003,Vintage Cars,Chatswood,Australia,Small
30,58.22,1746.6,9/12/2003 0:00,Shipped,9,2003,Vintage Cars,Brisbane,USA,Small
45,51.21,2304.45,10/18/2003 0:00,Shipped,10,2003,Vintage Cars,San Francisco,USA,Small
48,44.21,2122.08,11/5/2003 0:00,Shipped,11,2003,Vintage Cars,Bergamo,Italy,Small
32,54.45,1742.4,11/12/2003 0:00,Shipped,11,2003,Vintage Cars,San Rafael,USA,Small
46,53.37,2455.02,11/21/2003 0:00,Shipped,11,2003,Vintage Cars,Glen Waverly,Australia,Small
48,63.61,3053.28,12/3/2003 0:00,Shipped,12,2003,Vintage Cars,Madrid,Spain,Medium
33,43.13,1423.29,1/29/2004 0:00,Shipped,1,2004,Vintage Cars,Burbank,USA,Small
31,48.52,1504.12,3/2/2004 0:00,Shipped,3,2004,Vintage Cars,Lyon,France,Small
20,58.22,1164.4,4/29/2004 0:00,Shipped,4,2004,Vintage Cars,Madrid,Spain,Small
29,51.75,1500.75,6/8/2004 0:00,Shipped,6,2004,Vintage Cars,Kobenhavn,Denmark,Small
27,57.68,1557.36,8/17/2004 0:00,Shipped,8,2004,Vintage Cars,Torino,Italy,Small
24,56.07,1345.68,9/3/2004 0:00,Shipped,9,2004,Vintage Cars,Bergen,Norway,Small
37,48.52,1795.24,10/11/2004 0:00,Shipped,10,2004,Vintage Cars,Versailles,France,Small
25,44.21,1105.25,10/21/2004 0:00,Shipped,10,2004,Vintage Cars,San Rafael,USA,Small
41,57.68,2364.88,11/4/2004 0:00,Shipped,11,2004,Vintage Cars,Nashua,USA,Small
27,89.89,2427.03,11/17/2004 0:00,Shipped,11,2004,Vintage Cars,Manchester,UK,Small
21,58.95,1237.95,11/29/2004 0:00,Shipped,11,2004,Vintage Cars,Melbourne,Australia,Small
22,72.41,1593.02,12/9/2004 0:00,Shipped,12,2004,Vintage Cars,Paris,France,Small
32,98.63,3156.16,1/20/2005 0:00,Shipped,1,2005,Vintage Cars,Brickhaven,USA,Medium
25,52.83,1320.75,2/17/2005 0:00,Shipped,2,2005,Vintage Cars,San Francisco,USA,Small
42,100.0,4998.0,3/9/2005 0:00,Shipped,3,2005,Vintage Cars,North Sydney,Australia,Medium
25,51.75,1293.75,5/30/2005 0:00,In Process,5,2005,Vintage Cars,Allentown,USA,Small
37,100.0,5433.08,3/18/2003 0:00,Shipped,3,2003,Classic Cars,Manchester,UK,Medium
26,100.0,3073.72,5/20/2003 0:00,Shipped,5,2003,Classic Cars,Nantes,France,Medium
44,99.55,4380.2,7/10/2003 0:00,Shipped,7,2003,Classic Cars,Reims,France,Medium
47,100.0,5848.68,9/11/2003 0:00,Shipped,9,2003,Classic Cars,North Sydney,Australia,Medium
43,100.0,6153.73,10/17/2003 0:00,Shipped,10,2003,Classic Cars,Aaarhus,Denmark,Medium
42,100.0,4965.24,11/5/2003 0:00,Shipped,11,2003,Classic Cars,Bridgewater,USA,Medium
42,100.0,5435.64,11/12/2003 0:00,Shipped,11,2003,Classic Cars,Bergen,Norway,Medium
29,100.0,4258.36,11/20/2003 0:00,Shipped,11,2003,Classic Cars,Nashua,USA,Medium
40,100.0,4032.0,12/2/2003 0:00,Shipped,12,2003,Classic Cars,NYC,USA,Medium
38,100.0,4492.36,1/16/2004 0:00,Shipped,1,2004,Classic Cars,Madrid,Spain,Medium
38,100.0,4161.38,2/26/2004 0:00,Shipped,2,2004,Classic Cars,San Diego,USA,Medium
21,100.0,2508.66,4/13/2004 0:00,Shipped,4,2004,Classic Cars,Strasbourg,France,Small
24,100.0,3374.88,6/1/2004 0:00,Cancelled,6,2004,Classic Cars,Liverpool,UK,Medium
36,100.0,5196.6,7/6/2004 0:00,Shipped,7,2004,Classic Cars,Reggio Emilia,Italy,Medium
23,100.0,2604.52,8/6/2004 0:00,Shipped,8,2004,Classic Cars,Las Vegas,USA,Small
20,100.0,2936.8,9/1/2004 0:00,Shipped,9,2004,Classic Cars,Singapore,Singapore,Small
32,100.0,3424.64,10/5/2003 0:00,Shipped,10,2003,Classic Cars,Oslo,Norway,Medium
29,100.0,2923.2,10/16/2004 0:00,Shipped,10,2004,Classic Cars,Madrid,Spain,Small
44,100.0,4489.76,11/4/2004 0:00,Shipped,11,2004,Classic Cars,New Bedford,USA,Medium
44,100.0,4849.24,11/17/2004 0:00,Shipped,11,2004,Classic Cars,Philadelphia,USA,Medium
36,100.0,5848.92,11/24/2004 0:00,Shipped,11,2004,Classic Cars,Reims,France,Medium
49,56.3,2758.7,1/12/2005 0:00,Resolved,1,2005,Classic Cars,Pasadena,USA,Small
34,42.64,1449.76,2/10/2005 0:00,Shipped,2,2005,Classic Cars,Madrid,Spain,Small
59,100.0,7048.14,4/22/2005 0:00,On Hold,4,2005,Classic Cars,San Jose,USA,Large
37,100.0,5202.94,5/17/2005 0:00,Shipped,5,2005,Classic Cars,Salzburg,Austria,Medium
36,100.0,5279.4,2/17/2003 0:00,Shipped,2,2003,Planes,Bergamo,Italy,Medium
43,100.0,6916.12,4/28/2003 0:00,Shipped,4,2003,Planes,Salzburg,Austria,Medium
21,100.0,2781.66,6/16/2003 0:00,Shipped,6,2003,Planes,Glendale,USA,Small
32,100.0,5248.0,8/10/2003 0:00,Shipped,8,2003,Planes,New Bedford,USA,Medium
38,100.0,6531.44,10/6/2003 0:00,Shipped,10,2003,Planes,Helsinki,Finland,Medium
43,100.0,5763.72,10/23/2003 0:00,Cancelled,10,2003,Planes,Boras,Sweden,Medium
42,100.0,6490.68,11/8/2003 0:00,Shipped,11,2003,Planes,Toulouse,France,Medium
32,100.0,6004.8,11/14/2003 0:00,Shipped,11,2003,Planes,London,UK,Medium
42,100.0,7483.98,11/27/2003 0:00,Shipped,11,2003,Planes,Makati City,Philippines,Large
31,100.0,5719.5,1/12/2004 0:00,Shipped,1,2004,Planes,Osaka,Japan,Medium
49,100.0,6954.08,2/19/2004 0:00,Shipped,2,2004,Planes,San Diego,USA,Medium
45,100.0,8160.3,5/11/2004 0:00,Shipped,5,2004,Planes,San Jose,USA,Large
49,100.0,6567.96,6/24/2004 0:00,Cancelled,6,2004,Planes,Madrid,Spain,Medium
41,100.0,6724.0,7/21/2004 0:00,Shipped,7,2004,Planes,Brickhaven,USA,Medium
45,100.0,5747.85,8/21/2004 0:00,Shipped,8,2004,Planes,Oslo,Norway,Medium
36,100.0,5676.84,9/15/2004 0:00,Shipped,9,2004,Planes,Munich,Germany,Medium
39,100.0,7379.97,10/14/2004 0:00,Shipped,10,2004,Planes,Philadelphia,USA,Large
27,100.0,3704.13,11/1/2004 0:00,Shipped,11,2004,Planes,Cowes,UK,Medium
25,100.0,2804.75,11/10/2004 0:00,Resolved,11,2004,Planes,Kobenhavn,Denmark,Small
41,100.0,5624.79,11/22/2004 0:00,Shipped,11,2004,Planes,Charleroi,Belgium,Medium
39,99.52,3881.28,12/3/2004 0:00,Shipped,12,2004,Planes,London,UK,Medium
28,57.55,1611.4,1/31/2005 0:00,Shipped,1,2005,Planes,Oulu,Finland,Small
25,54.57,1364.25,3/1/2005 0:00,Resolved,3,2005,Planes,Madrid,Spain,Small
33,100.0,4215.09,3/30/2005 0:00,Shipped,3,2005,Planes,Reims,France,Medium
34,100.0,6433.82,4/1/2005 0:00,Shipped,4,2005,Planes,San Jose,USA,Medium
24,100.0,4352.16,5/10/2005 0:00,Shipped,5,2005,Planes,Reggio Emilia,Italy,Medium
30,100.0,5151.0,1/6/2003 0:00,Shipped,1,2003,Vintage Cars,Nashua,USA,Medium
42,100.0,6069.0,3/18/2003 0:00,Shipped,3,2003,Vintage Cars,Manchester,UK,Medium
21,100.0,2856.0,5/21/2003 0:00,Shipped,5,2003,Vintage Cars,Las Vegas,USA,Small
34,100.0,5375.4,9/12/2003 0:00,Shipped,9,2003,Vintage Cars,Brisbane,USA,Medium
29,100.0,5176.5,10/18/2003 0:00,Shipped,10,2003,Vintage Cars,San Francisco,USA,Medium
24,100.0,3508.8,11/5/2003 0:00,Shipped,11,2003,Vintage Cars,Bergamo,Italy,Medium
44,100.0,7554.8,11/12/2003 0:00,Shipped,11,2003,Vintage Cars,San Rafael,USA,Large
21,100.0,3141.6,11/21/2003 0:00,Shipped,11,2003,Vintage Cars,Glen Waverly,Australia,Medium
33,100.0,5890.5,12/2/2003 0:00,Shipped,12,2003,Vintage Cars,NYC,USA,Medium
30,100.0,5967.0,1/26/2004 0:00,Shipped,1,2004,Vintage Cars,Madrid,Spain,Medium
26,100.0,3712.8,3/2/2004 0:00,Shipped,3,2004,Vintage Cars,Lyon,France,Medium
41,100.0,7597.3,4/13/2004 0:00,Shipped,4,2004,Vintage Cars,Strasbourg,France,Large
26,100.0,3668.6,8/17/2004 0:00,Shipped,8,2004,Vintage Cars,Torino,Italy,Medium
32,100.0,5875.2,9/1/2004 0:00,Shipped,9,2004,Vintage Cars,Singapore,Singapore,Medium
43,100.0,7310.0,10/6/2003 0:00,Shipped,10,2003,Vintage Cars,Liverpool,UK,Large
48,100.0,8078.4,10/21/2004 0:00,Shipped,10,2004,Vintage Cars,San Rafael,USA,Large
44,74.04,3257.76,11/17/2004 0:00,Shipped,11,2004,Vintage Cars,Philadelphia,USA,Medium
45,100.0,7650.0,11/25/2004 0:00,Shipped,11,2004,Vintage Cars,Marseille,France,Large
37,100.0,4703.81,1/12/2005 0:00,Resolved,1,2005,Vintage Cars,Pasadena,USA,Medium
39,100.0,5399.55,2/10/2005 0:00,Shipped,2,2005,Vintage Cars,Madrid,Spain,Medium
76,100.0,14082.8,4/22/2005 0:00,On Hold,4,2005,Vintage Cars,San Jose,USA,Large
37,100.0,5283.6,5/29/2005 0:00,In Process,5,2005,Vintage Cars,Chatswood,Australia,Medium
38,82.39,3130.82,3/3/2003 0:00,Shipped,3,2003,Classic Cars,Makati City,Philippines,Medium
43,72.38,3112.34,5/8/2003 0:00,Shipped,5,2003,Classic Cars,Marseille,France,Medium
48,79.31,3806.88,7/2/2003 0:00,Shipped,7,2003,Classic Cars,San Rafael,USA,Medium
26,82.39,2142.14,9/5/2003 0:00,Shipped,9,2003,Classic Cars,Brickhaven,USA,Small
38,88.55,3364.9,10/11/2003 0:00,Shipped,10,2003,Classic Cars,Los Angeles,USA,Medium
20,63.14,1262.8,11/4/2003 0:00,Shipped,11,2003,Classic Cars,Graz,Austria,Small
22,73.92,1626.24,11/12/2003 0:00,Shipped,11,2003,Classic Cars,Bergen,Norway,Small
45,90.86,4088.7,11/20/2003 0:00,Shipped,11,2003,Classic Cars,Nashua,USA,Medium
45,85.47,3846.15,12/2/2003 0:00,Shipped,12,2003,Classic Cars,Madrid,Spain,Medium
20,66.99,1339.8,1/16/2004 0:00,Shipped,1,2004,Classic Cars,Madrid,Spain,Small
47,64.68,3039.96,2/22/2004 0:00,Shipped,2,2004,Classic Cars,Gensve,Switzerland,Medium
46,73.92,3400.32,4/12/2004 0:00,Shipped,4,2004,Classic Cars,Oulu,Finland,Medium
23,83.93,1930.39,6/1/2004 0:00,Cancelled,6,2004,Classic Cars,Liverpool,UK,Small
33,74.69,2464.77,7/6/2004 0:00,Shipped,7,2004,Classic Cars,Reggio Emilia,Italy,Small
29,90.86,2634.94,8/6/2004 0:00,Shipped,8,2004,Classic Cars,Las Vegas,USA,Small
44,82.39,3625.16,8/30/2004 0:00,Shipped,8,2004,Classic Cars,Gensve,Switzerland,Medium
41,92.4,3788.4,10/4/2003 0:00,Shipped,10,2003,Classic Cars,Frankfurt,Germany,Medium
20,91.63,1832.6,10/16/2004 0:00,Shipped,10,2004,Classic Cars,Koln,Germany,Small
37,78.54,2905.98,11/4/2004 0:00,Shipped,11,2004,Classic Cars,New Bedford,USA,Small
29,100.0,2954.81,11/15/2004 0:00,Shipped,11,2004,Classic Cars,NYC,USA,Small
55,65.45,3599.75,11/24/2004 0:00,Shipped,11,2004,Classic Cars,Melbourne,Australia,Medium
22,100.0,3686.54,1/6/2005 0:00,Shipped,1,2005,Classic Cars,Espoo,Finland,Medium
31,67.76,2100.56,2/9/2005 0:00,Shipped,2,2005,Classic Cars,Helsinki,Finland,Small
49,79.22,3881.78,3/3/2005 0:00,Shipped,3,2005,Classic Cars,Boras,Sweden,Medium
61,73.92,4509.12,4/14/2005 0:00,Shipped,4,2005,Classic Cars,Strasbourg,France,Medium
39,83.93,3273.27,5/17/2005 0:00,Shipped,5,2005,Classic Cars,Salzburg,Austria,Medium
38,100.0,4432.7,3/10/2003 0:00,Shipped,3,2003,Classic Cars,Philadelphia,USA,Medium
31,100.0,4100.99,5/8/2003 0:00,Shipped,5,2003,Classic Cars,Marseille,France,Medium
36,100.0,5274.72,7/4/2003 0:00,Shipped,7,2003,Classic Cars,Toulouse,France,Medium
25,100.0,4232.0,9/11/2003 0:00,Shipped,9,2003,Classic Cars,North Sydney,Australia,Medium
48,100.0,6145.44,10/17/2003 0:00,Shipped,10,2003,Classic Cars,Aaarhus,Denmark,Medium
35,100.0,4680.2,11/5/2003 0:00,Shipped,11,2003,Classic Cars,Montreal,Canada,Medium
21,100.0,3286.08,11/12/2003 0:00,Shipped,11,2003,Classic Cars,Bergen,Norway,Medium
47,100.0,7421.3,11/20/2003 0:00,Shipped,11,2003,Classic Cars,Nashua,USA,Large
38,100.0,6432.64,12/2/2003 0:00,Shipped,12,2003,Classic Cars,NYC,USA,Medium
41,100.0,4840.87,1/16/2004 0:00,Shipped,1,2004,Classic Cars,Madrid,Spain,Medium
24,100.0,3892.08,2/26/2004 0:00,Shipped,2,2004,Classic Cars,San Diego,USA,Medium
37,100.0,5526.32,4/13/2004 0:00,Shipped,4,2004,Classic Cars,Osaka,Japan,Medium
33,100.0,4459.62,6/1/2004 0:00,Cancelled,6,2004,Classic Cars,Liverpool,UK,Medium
49,100.0,6203.4,7/6/2004 0:00,Shipped,7,2004,Classic Cars,Reggio Emilia,Italy,Medium
29,100.0,3754.05,8/6/2004 0:00,Shipped,8,2004,Classic Cars,Las Vegas,USA,Medium
24,100.0,3516.48,8/30/2004 0:00,Shipped,8,2004,Classic Cars,Gensve,Switzerland,Medium
47,100.0,7488.04,10/5/2003 0:00,Shipped,10,2003,Classic Cars,Oslo,Norway,Large
24,100.0,3448.08,10/16/2004 0:00,Shipped,10,2004,Classic Cars,Koln,Germany,Medium
25,100.0,3734.0,11/4/2004 0:00,Shipped,11,2004,Classic Cars,New Bedford,USA,Medium
30,32.47,974.1,11/17/2004 0:00,Shipped,11,2004,Classic Cars,Philadelphia,USA,Small
22,100.0,3160.74,11/24/2004 0:00,Shipped,11,2004,Classic Cars,Melbourne,Australia,Medium
27,64.69,1746.63,12/9/2004 0:00,Shipped,12,2004,Classic Cars,Paris,France,Small
34,100.0,4207.84,1/10/2005 0:00,Shipped,1,2005,Classic Cars,Charleroi,Belgium,Medium
36,100.0,4352.76,2/9/2005 0:00,Shipped,2,2005,Classic Cars,Helsinki,Finland,Medium
34,43.05,1463.7,3/4/2005 0:00,Shipped,3,2005,Classic Cars,San Rafael,USA,Small
48,100.0,7169.28,4/15/2005 0:00,Disputed,4,2005,Classic Cars,Kobenhavn,Denmark,Large
34,100.0,4594.76,5/17/2005 0:00,Shipped,5,2005,Classic Cars,Salzburg,Austria,Medium
24,100.0,3457.92,1/31/2003 0:00,Shipped,1,2003,Classic Cars,Madrid,Spain,Medium
46,100.0,7381.16,4/4/2003 0:00,Shipped,4,2003,Classic Cars,NYC,USA,Large
45,100.0,7146.9,6/3/2003 0:00,Shipped,6,2003,Classic Cars,NYC,USA,Large
39,100.0,5938.53,8/1/2003 0:00,Shipped,8,2003,Classic Cars,Espoo,Finland,Medium
43,100.0,7110.91,9/21/2003 0:00,Shipped,9,2003,Classic Cars,Oulu,Finland,Large
29,100.0,5032.95,10/22/2003 0:00,Shipped,10,2003,Classic Cars,Singapore,Singapore,Medium
20,100.0,3667.6,11/6/2003 0:00,Shipped,11,2003,Classic Cars,Reggio Emilia,Italy,Medium
46,100.0,7381.16,11/14/2003 0:00,Shipped,11,2003,Classic Cars,Sevilla,Spain,Large
27,100.0,5128.11,11/25/2003 0:00,Shipped,11,2003,Classic Cars,White Plains,USA,Medium
44,100.0,7060.24,12/9/2003 0:00,Shipped,12,2003,Classic Cars,Boston,USA,Large
43,100.0,8448.64,2/10/2004 0:00,Shipped,2,2004,Classic Cars,Brisbane,USA,Large
49,100.0,7300.51,3/15/2004 0:00,Shipped,3,2004,Classic Cars,Frankfurt,Germany,Large
40,100.0,6549.2,5/5/2004 0:00,Shipped,5,2004,Classic Cars,Madrid,Spain,Medium
30,100.0,5697.9,6/15/2004 0:00,Shipped,6,2004,Classic Cars,Singapore,Singapore,Medium
50,100.0,9169.0,7/20/2004 0:00,Shipped,7,2004,Classic Cars,San Rafael,USA,Large
23,100.0,3238.63,8/20/2004 0:00,Shipped,8,2004,Classic Cars,San Rafael,USA,Medium
26,100.0,4554.94,9/8/2004 0:00,Shipped,9,2004,Classic Cars,NYC,USA,Medium
27,100.0,3934.44,10/13/2004 0:00,Shipped,10,2004,Classic Cars,Cambridge,USA,Medium
42,100.0,5776.26,10/22/2004 0:00,Shipped,10,2004,Classic Cars,Aaarhus,Denmark,Medium
47,100.0,7207.45,11/5/2004 0:00,Shipped,11,2004,Classic Cars,NYC,USA,Large
49,100.0,7460.74,11/20/2004 0:00,Shipped,11,2004,Classic Cars,Paris,France,Large
38,100.0,6719.54,12/1/2004 0:00,Shipped,12,2004,Classic Cars,NYC,USA,Medium
20,100.0,2428.0,12/10/2004 0:00,Shipped,12,2004,Classic Cars,Madrid,Spain,Small
25,100.0,2602.25,1/23/2005 0:00,Shipped,1,2005,Classic Cars,San Rafael,USA,Small
25,88.0,2200.0,2/17/2005 0:00,Shipped,2,2005,Classic Cars,San Rafael,USA,Small
41,100.0,6712.93,5/3/2005 0:00,Shipped,5,2005,Classic Cars,Madrid,Spain,Medium
28,100.0,5318.04,5/31/2005 0:00,In Process,5,2005,Classic Cars,Nantes,France,Medium
50,67.8,3390.0,1/6/2003 0:00,Shipped,1,2003,Vintage Cars,Nashua,USA,Medium
32,50.25,1608.0,3/18/2003 0:00,Shipped,3,2003,Vintage Cars,Manchester,UK,Small
42,53.88,2262.96,5/21/2003 0:00,Shipped,5,2003,Vintage Cars,Las Vegas,USA,Small
24,62.36,1496.64,9/12/2003 0:00,Shipped,9,2003,Vintage Cars,Brisbane,USA,Small
27,69.62,1879.74,10/18/2003 0:00,Shipped,10,2003,Vintage Cars,San Francisco,USA,Small
26,57.51,1495.26,11/5/2003 0:00,Shipped,11,2003,Vintage Cars,Bergamo,Italy,Small
38,61.15,2323.7,11/12/2003 0:00,Shipped,11,2003,Vintage Cars,San Rafael,USA,Small
42,59.33,2491.86,11/21/2003 0:00,Shipped,11,2003,Vintage Cars,Glen Waverly,Australia,Small
23,71.44,1643.12,12/2/2003 0:00,Shipped,12,2003,Vintage Cars,NYC,USA,Small
21,62.96,1322.16,1/26/2004 0:00,Shipped,1,2004,Vintage Cars,Madrid,Spain,Small
28,50.85,1423.8,3/2/2004 0:00,Shipped,3,2004,Vintage Cars,Lyon,France,Small
33,72.65,2397.45,4/13/2004 0:00,Shipped,4,2004,Vintage Cars,Strasbourg,France,Small
25,62.96,1574.0,8/17/2004 0:00,Shipped,8,2004,Vintage Cars,Torino,Italy,Small
28,61.75,1729.0,9/1/2004 0:00,Shipped,9,2004,Vintage Cars,Singapore,Singapore,Small
46,49.04,2255.84,10/6/2004 0:00,Shipped,10,2004,Vintage Cars,Sevilla,Spain,Small
30,61.15,1834.5,10/21/2004 0:00,Shipped,10,2004,Vintage Cars,San Rafael,USA,Small
38,84.25,3201.5,11/17/2004 0:00,Shipped,11,2004,Vintage Cars,Manchester,UK,Medium
40,56.91,2276.4,11/25/2004 0:00,Shipped,11,2004,Vintage Cars,Marseille,France,Small
45,100.0,8884.8,1/12/2005 0:00,Resolved,1,2005,Vintage Cars,Pasadena,USA,Large
27,49.3,1331.1,2/10/2005 0:00,Shipped,2,2005,Vintage Cars,Madrid,Spain,Small
42,72.65,3051.3,4/22/2005 0:00,On Hold,4,2005,Vintage Cars,San Jose,USA,Medium
36,63.57,2288.52,5/29/2005 0:00,In Process,5,2005,Vintage Cars,Chatswood,Australia,Small
29,100.0,3772.61,1/31/2003 0:00,Shipped,1,2003,Trucks and Buses,Madrid,Spain,Medium
39,100.0,4164.42,4/1/2003 0:00,Shipped,4,2003,Trucks and Buses,Paris,France,Medium
45,100.0,6295.95,6/3/2003 0:00,Shipped,6,2003,Trucks and Buses,NYC,USA,Medium
47,100.0,6287.66,8/1/2003 0:00,Shipped,8,2003,Trucks and Buses,Espoo,Finland,Medium
49,100.0,5412.54,9/21/2003 0:00,Shipped,9,2003,Trucks and Buses,Oulu,Finland,Medium
46,100.0,5984.14,10/22/2003 0:00,Shipped,10,2003,Trucks and Buses,Singapore,Singapore,Medium
48,100.0,5891.04,11/6/2003 0:00,Shipped,11,2003,Trucks and Buses,London,UK,Medium
46,100.0,5984.14,11/14/2003 0:00,Shipped,11,2003,Trucks and Buses,Sevilla,Spain,Medium
35,100.0,3608.15,11/25/2003 0:00,Shipped,11,2003,Trucks and Buses,White Plains,USA,Medium
43,100.0,5752.54,12/9/2003 0:00,Shipped,12,2003,Trucks and Buses,Boston,USA,Medium
26,100.0,3765.32,3/11/2004 0:00,Shipped,3,2004,Trucks and Buses,San Rafael,USA,Medium
22,98.18,2159.96,5/5/2004 0:00,Shipped,5,2004,Trucks and Buses,Madrid,Spain,Small
34,99.41,3379.94,6/15/2004 0:00,Shipped,6,2004,Trucks and Buses,Singapore,Singapore,Medium
50,100.0,5093.5,7/20/2004 0:00,Shipped,7,2004,Trucks and Buses,San Rafael,USA,Medium
48,100.0,5773.44,8/19/2004 0:00,Shipped,8,2004,Trucks and Buses,Allentown,USA,Medium
41,100.0,4528.86,9/8/2004 0:00,Shipped,9,2004,Trucks and Buses,NYC,USA,Medium
36,100.0,4816.08,10/13/2004 0:00,Shipped,10,2004,Trucks and Buses,Cambridge,USA,Medium
29,100.0,3416.78,10/22/2004 0:00,Shipped,10,2004,Trucks and Buses,Vancouver,Canada,Medium
33,37.48,1236.84,11/5/2004 0:00,Shipped,11,2004,Trucks and Buses,NYC,USA,Small
46,100.0,5814.86,11/19/2004 0:00,On Hold,11,2004,Trucks and Buses,Lule,Sweden,Medium
38,100.0,5223.48,12/1/2004 0:00,Shipped,12,2004,Trucks and Buses,NYC,USA,Medium
20,36.42,728.4,12/10/2004 0:00,Shipped,12,2004,Trucks and Buses,Madrid,Spain,Small
22,100.0,3949.0,1/20/2005 0:00,Shipped,1,2005,Trucks and Buses,North Sydney,Australia,Medium
27,100.0,3843.99,2/22/2005 0:00,Shipped,2,2005,Trucks and Buses,Madrid,Spain,Medium
56,98.18,5498.08,5/3/2005 0:00,Shipped,5,2005,Trucks and Buses,Madrid,Spain,Medium
38,99.41,3777.58,5/31/2005 0:00,In Process,5,2005,Trucks and Buses,Nantes,France,Medium
25,100.0,3782.0,1/9/2003 0:00,Shipped,1,2003,Vintage Cars,Frankfurt,Germany,Medium
33,100.0,3859.68,3/18/2003 0:00,Shipped,3,2003,Vintage Cars,Manchester,UK,Medium
42,100.0,4431.84,5/21/2003 0:00,Shipped,5,2003,Vintage Cars,Las Vegas,USA,Medium
33,100.0,4950.33,9/12/2003 0:00,Shipped,9,2003,Vintage Cars,Brisbane,USA,Medium
38,100.0,4299.7,10/18/2003 0:00,Shipped,10,2003,Vintage Cars,San Francisco,USA,Medium
31,100.0,4492.83,11/5/2003 0:00,Shipped,11,2003,Vintage Cars,Bergamo,Italy,Medium
20,100.0,2212.0,11/12/2003 0:00,Shipped,11,2003,Vintage Cars,San Rafael,USA,Small
44,100.0,4642.88,11/21/2003 0:00,Shipped,11,2003,Vintage Cars,Glen Waverly,Australia,Medium
26,100.0,3206.32,12/2/2003 0:00,Shipped,12,2003,Vintage Cars,NYC,USA,Medium
27,100.0,3604.23,1/26/2004 0:00,Shipped,1,2004,Vintage Cars,Madrid,Spain,Medium
46,100.0,7017.76,3/2/2004 0:00,Shipped,3,2004,Vintage Cars,Lyon,France,Large
47,100.0,6154.18,4/26/2004 0:00,Shipped,4,2004,Vintage Cars,Boston,USA,Medium
37,100.0,4750.8,8/17/2004 0:00,Shipped,8,2004,Vintage Cars,Torino,Italy,Medium
31,100.0,3822.92,9/1/2004 0:00,Shipped,9,2004,Vintage Cars,Singapore,Singapore,Medium
24,100.0,2440.8,10/11/2004 0:00,Shipped,10,2004,Vintage Cars,Versailles,France,Small
31,100.0,4729.36,10/21/2004 0:00,Shipped,10,2004,Vintage Cars,San Rafael,USA,Medium
50,100.0,12536.5,11/4/2004 0:00,Shipped,11,2004,Vintage Cars,Nashua,USA,Large
35,64.69,2264.15,11/17/2004 0:00,Shipped,11,2004,Vintage Cars,Manchester,UK,Small
30,100.0,3928.2,11/25/2004 0:00,Shipped,11,2004,Vintage Cars,Marseille,France,Medium
29,100.0,3630.22,12/9/2004 0:00,Shipped,12,2004,Vintage Cars,Paris,France,Medium
27,100.0,4196.07,1/12/2005 0:00,Resolved,1,2005,Vintage Cars,Pasadena,USA,Medium
40,100.0,4931.6,2/16/2005 0:00,Shipped,2,2005,Vintage Cars,Madrid,Spain,Medium
31,98.99,3068.69,3/4/2005 0:00,Shipped,3,2005,Vintage Cars,San Rafael,USA,Medium
6,100.0,785.64,4/23/2005 0:00,Shipped,4,2005,Vintage Cars,Singapore,Singapore,Small
45,100.0,4977.0,5/29/2005 0:00,In Process,5,2005,Vintage Cars,Chatswood,Australia,Medium
22,54.09,1189.98,1/29/2003 0:00,Shipped,1,2003,Trucks and Buses,Stavern,Norway,Small
45,68.67,3090.15,4/1/2003 0:00,Shipped,4,2003,Trucks and Buses,Paris,France,Medium
43,65.02,2795.86,5/28/2003 0:00,Shipped,5,2003,Trucks and Buses,Madrid,Spain,Small
46,61.99,2851.54,7/24/2003 0:00,Shipped,7,2003,Trucks and Buses,Burlingame,USA,Small
39,69.28,2701.92,9/21/2003 0:00,Shipped,9,2003,Trucks and Buses,Oulu,Finland,Small
31,71.1,2204.1,10/22/2003 0:00,Shipped,10,2003,Trucks and Buses,Singapore,Singapore,Small
41,69.28,2840.48,11/6/2003 0:00,Shipped,11,2003,Trucks and Buses,London,UK,Small
44,60.16,2647.04,11/14/2003 0:00,Shipped,11,2003,Trucks and Buses,Sevilla,Spain,Small
45,70.49,3172.05,11/25/2003 0:00,Shipped,11,2003,Trucks and Buses,Lyon,France,Medium
37,69.89,2585.93,12/9/2003 0:00,Shipped,12,2003,Trucks and Buses,Boston,USA,Small
35,61.38,2148.3,2/4/2004 0:00,Shipped,2,2004,Trucks and Buses,Singapore,Singapore,Small
28,59.55,1667.4,3/11/2004 0:00,Shipped,3,2004,Trucks and Buses,San Rafael,USA,Small
30,61.99,1859.7,5/5/2004 0:00,Shipped,5,2004,Trucks and Buses,Madrid,Spain,Small
30,49.22,1476.6,6/15/2004 0:00,Shipped,6,2004,Trucks and Buses,Singapore,Singapore,Small
25,69.28,1732.0,7/20/2004 0:00,Shipped,7,2004,Trucks and Buses,San Rafael,USA,Small
29,57.73,1674.17,8/19/2004 0:00,Shipped,8,2004,Trucks and Buses,Allentown,USA,Small
26,57.73,1500.98,9/8/2004 0:00,Shipped,9,2004,Trucks and Buses,Boras,Sweden,Small
41,53.48,2192.68,10/13/2004 0:00,Shipped,10,2004,Trucks and Buses,Cambridge,USA,Small
34,52.87,1797.58,10/22/2004 0:00,Shipped,10,2004,Trucks and Buses,Vancouver,Canada,Small
35,61.21,2142.35,11/4/2004 0:00,Shipped,11,2004,Trucks and Buses,Nashua,USA,Small
34,61.38,2086.92,11/19/2004 0:00,On Hold,11,2004,Trucks and Buses,Lule,Sweden,Small
50,100.0,6834.5,11/29/2004 0:00,Shipped,11,2004,Trucks and Buses,Melbourne,Australia,Medium
41,61.99,2541.59,12/10/2004 0:00,Shipped,12,2004,Trucks and Buses,San Rafael,USA,Small
22,96.86,2130.92,1/20/2005 0:00,Shipped,1,2005,Trucks and Buses,North Sydney,Australia,Small
35,48.62,1701.7,2/17/2005 0:00,Shipped,2,2005,Trucks and Buses,San Francisco,USA,Small
44,38.5,1694.0,3/9/2005 0:00,Shipped,3,2005,Trucks and Buses,North Sydney,Australia,Small
47,61.99,2913.53,5/3/2005 0:00,Shipped,5,2005,Trucks and Buses,Madrid,Spain,Small
19,49.22,935.18,5/31/2005 0:00,In Process,5,2005,Trucks and Buses,Nantes,France,Small
34,90.39,3073.26,2/17/2003 0:00,Shipped,2,2003,Planes,Bergamo,Italy,Medium
29,71.81,2082.49,4/29/2003 0:00,Shipped,4,2003,Planes,Melbourne,Australia,Small
49,69.27,3394.23,6/27/2003 0:00,Shipped,6,2003,Planes,Madrid,Spain,Medium
30,85.32,2559.6,8/25/2003 0:00,Shipped,8,2003,Planes,Pasadena,USA,Small
21,70.96,1490.16,10/28/2003 0:00,Shipped,10,2003,Planes,Burlingame,USA,Small
50,76.88,3844.0,1/12/2004 0:00,Shipped,1,2004,Planes,Osaka,Japan,Medium
47,100.0,4724.91,2/20/2004 0:00,Shipped,2,2004,Planes,Melbourne,Australia,Medium
24,76.03,1824.72,4/2/2004 0:00,Shipped,4,2004,Planes,Tsawassen,Canada,Small
27,98.84,2668.68,5/11/2004 0:00,Shipped,5,2004,Planes,San Jose,USA,Small
33,86.17,2843.61,6/28/2004 0:00,Shipped,6,2004,Planes,Bridgewater,USA,Small
35,90.39,3163.65,7/23/2004 0:00,Shipped,7,2004,Planes,Nantes,France,Medium
31,71.81,2226.11,8/21/2004 0:00,Shipped,8,2004,Planes,Oslo,Norway,Small
25,82.79,2069.75,9/16/2004 0:00,Shipped,9,2004,Planes,Dublin,Ireland,Small
27,82.79,2235.33,10/15/2004 0:00,Shipped,10,2004,Planes,White Plains,USA,Small
31,100.0,3116.43,11/2/2004 0:00,Shipped,11,2004,Planes,Allentown,USA,Medium
45,100.0,4781.7,11/10/2004 0:00,Resolved,11,2004,Planes,Kobenhavn,Denmark,Medium
27,100.0,2810.7,11/23/2004 0:00,Shipped,11,2004,Planes,Minato-ku,Japan,Small
27,100.0,3515.67,12/4/2004 0:00,Shipped,12,2004,Planes,Glendale,USA,Medium
42,69.27,2909.34,2/2/2005 0:00,Shipped,2,2005,Planes,South Brisbane,Australia,Small
21,74.77,1570.17,3/1/2005 0:00,Resolved,3,2005,Planes,Madrid,Spain,Small
34,76.88,2613.92,3/30/2005 0:00,Shipped,3,2005,Planes,Reims,France,Small
42,76.03,3193.26,4/3/2005 0:00,On Hold,4,2005,Planes,Newark,USA,Medium
15,98.84,1482.6,5/10/2005 0:00,Shipped,5,2005,Planes,Reggio Emilia,Italy,Small
29,70.87,2055.23,2/24/2003 0:00,Shipped,2,2003,Motorcycles,NYC,USA,Small
46,58.15,2674.9,4/29/2003 0:00,Shipped,4,2003,Motorcycles,Melbourne,Australia,Small
30,61.78,1853.4,7/1/2003 0:00,Shipped,7,2003,Motorcycles,Paris,France,Small
30,49.67,1490.1,8/25/2003 0:00,Shipped,8,2003,Motorcycles,Pasadena,USA,Small
42,51.48,2162.16,10/10/2003 0:00,Shipped,10,2003,Motorcycles,San Francisco,USA,Small
46,61.18,2814.28,10/28/2003 0:00,Shipped,10,2003,Motorcycles,Burlingame,USA,Small
25,64.2,1605.0,11/11/2003 0:00,Shipped,11,2003,Motorcycles,Lille,France,Small
32,65.42,2093.44,11/18/2003 0:00,Shipped,11,2003,Motorcycles,Bergen,Norway,Small
30,64.81,1944.3,12/1/2003 0:00,Shipped,12,2003,Motorcycles,San Francisco,USA,Small
40,49.67,1986.8,1/12/2004 0:00,Shipped,1,2004,Motorcycles,Osaka,Japan,Small
28,60.57,1695.96,2/20/2004 0:00,Shipped,2,2004,Motorcycles,Melbourne,Australia,Small
23,55.72,1281.56,4/3/2004 0:00,Shipped,4,2004,Motorcycles,Philadelphia,USA,Small
29,61.18,1774.22,5/18/2004 0:00,Shipped,5,2004,Motorcycles,Newark,USA,Small
34,58.75,1997.5,6/28/2004 0:00,Shipped,6,2004,Motorcycles,Bridgewater,USA,Small
37,63.6,2353.2,7/23/2004 0:00,Shipped,7,2004,Motorcycles,Nantes,France,Small
20,49.06,981.2,8/27/2004 0:00,Shipped,8,2004,Motorcycles,Cambridge,USA,Small
32,48.46,1550.72,9/27/2004 0:00,Shipped,9,2004,Motorcycles,Nantes,France,Small
34,52.09,1771.06,10/15/2004 0:00,Shipped,10,2004,Motorcycles,White Plains,USA,Small
42,52.7,2213.4,11/2/2004 0:00,Shipped,11,2004,Motorcycles,Allentown,USA,Small
38,100.0,5266.04,11/15/2004 0:00,Shipped,11,2004,Motorcycles,NYC,USA,Medium
30,62.16,1864.8,11/23/2004 0:00,Shipped,11,2004,Motorcycles,Minato-ku,Japan,Small
23,49.67,1142.41,1/5/2005 0:00,Shipped,1,2005,Motorcycles,Burlingame,USA,Small
22,53.3,1172.6,2/2/2005 0:00,Shipped,2,2005,Motorcycles,South Brisbane,Australia,Small
39,100.0,6981.0,3/3/2005 0:00,Shipped,3,2005,Motorcycles,Boras,Sweden,Medium
55,55.72,3064.6,4/7/2005 0:00,Shipped,4,2005,Motorcycles,Paris,France,Medium
36,61.18,2202.48,5/13/2005 0:00,Disputed,5,2005,Motorcycles,Madrid,Spain,Small
26,100.0,3773.38,1/9/2003 0:00,Shipped,1,2003,Vintage Cars,Frankfurt,Germany,Medium
31,100.0,5074.39,3/18/2003 0:00,Shipped,3,2003,Vintage Cars,Manchester,UK,Medium
34,100.0,6483.46,5/21/2003 0:00,Shipped,5,2003,Vintage Cars,Melbourne,Australia,Medium
41,100.0,7956.46,7/16/2003 0:00,Shipped,7,2003,Vintage Cars,Chatswood,Australia,Large
23,100.0,4230.62,9/12/2003 0:00,Shipped,9,2003,Vintage Cars,Brisbane,USA,Medium
48,100.0,7209.12,10/18/2003 0:00,Shipped,10,2003,Vintage Cars,San Francisco,USA,Large
22,100.0,3452.68,11/5/2003 0:00,Shipped,11,2003,Vintage Cars,Bergamo,Italy,Medium
21,100.0,3047.73,11/12/2003 0:00,Shipped,11,2003,Vintage Cars,San Rafael,USA,Medium
22,100.0,3675.32,11/21/2003 0:00,Shipped,11,2003,Vintage Cars,Glen Waverly,Australia,Medium
40,100.0,7492.4,12/3/2003 0:00,Shipped,12,2003,Vintage Cars,Madrid,Spain,Large
50,100.0,9534.5,1/26/2004 0:00,Shipped,1,2004,Vintage Cars,Madrid,Spain,Large
29,100.0,5579.02,3/2/2004 0:00,Shipped,3,2004,Vintage Cars,Lyon,France,Medium
43,100.0,5950.34,4/29/2004 0:00,Shipped,4,2004,Vintage Cars,Madrid,Spain,Medium
24,100.0,3726.0,6/4/2004 0:00,Shipped,6,2004,Vintage Cars,Strasbourg,France,Medium
22,100.0,4455.0,8/17/2004 0:00,Shipped,8,2004,Vintage Cars,Torino,Italy,Medium
43,100.0,8272.34,9/3/2004 0:00,Shipped,9,2004,Vintage Cars,Bergen,Norway,Large
20,100.0,3577.6,10/11/2004 0:00,Shipped,10,2004,Vintage Cars,Versailles,France,Medium
25,100.0,3881.25,10/21/2004 0:00,Shipped,10,2004,Vintage Cars,San Rafael,USA,Medium
36,100.0,5797.44,11/4/2004 0:00,Shipped,11,2004,Vintage Cars,Nashua,USA,Medium
24,52.67,1264.08,11/17/2004 0:00,Shipped,11,2004,Vintage Cars,Manchester,UK,Small
21,100.0,4815.3,11/29/2004 0:00,Shipped,11,2004,Vintage Cars,Melbourne,Australia,Medium
30,100.0,4462.2,12/9/2004 0:00,Shipped,12,2004,Vintage Cars,Paris,France,Medium
32,94.79,3033.28,1/12/2005 0:00,Resolved,1,2005,Vintage Cars,Pasadena,USA,Medium
21,47.18,990.78,2/16/2005 0:00,Shipped,2,2005,Vintage Cars,Madrid,Spain,Small
26,78.11,2030.86,3/4/2005 0:00,Shipped,3,2005,Vintage Cars,San Rafael,USA,Small
35,100.0,5433.75,5/29/2005 0:00,In Process,5,2005,Vintage Cars,San Rafael,USA,Medium
26,100.0,3157.44,3/10/2003 0:00,Shipped,3,2003,Classic Cars,Philadelphia,USA,Medium
46,100.0,5161.2,5/20/2003 0:00,Shipped,5,2003,Classic Cars,Nantes,France,Medium
37,100.0,4346.76,7/10/2003 0:00,Shipped,7,2003,Classic Cars,Reims,France,Medium
27,100.0,3528.36,9/11/2003 0:00,Shipped,9,2003,Classic Cars,North Sydney,Australia,Medium
23,100.0,3187.8,10/17/2003 0:00,Shipped,10,2003,Classic Cars,Aaarhus,Denmark,Medium
39,100.0,6023.16,11/5/2003 0:00,Shipped,11,2003,Classic Cars,Bridgewater,USA,Medium
27,100.0,3884.76,11/12/2003 0:00,Shipped,11,2003,Classic Cars,Bergen,Norway,Medium
38,100.0,4965.84,11/20/2003 0:00,Shipped,11,2003,Classic Cars,Nashua,USA,Medium
27,100.0,4169.88,12/2/2003 0:00,Shipped,12,2003,Classic Cars,NYC,USA,Medium
40,100.0,4910.4,1/16/2004 0:00,Shipped,1,2004,Classic Cars,Madrid,Spain,Medium
24,100.0,3231.36,2/26/2004 0:00,Shipped,2,2004,Classic Cars,San Diego,USA,Medium
44,100.0,6853.44,4/13/2004 0:00,Shipped,4,2004,Classic Cars,Strasbourg,France,Medium
37,100.0,5177.04,6/1/2004 0:00,Cancelled,6,2004,Classic Cars,Liverpool,UK,Medium
20,100.0,2824.8,7/6/2004 0:00,Shipped,7,2004,Classic Cars,Reggio Emilia,Italy,Small
39,100.0,4324.32,8/6/2004 0:00,Shipped,8,2004,Classic Cars,Las Vegas,USA,Medium
44,100.0,5052.96,8/30/2004 0:00,Shipped,8,2004,Classic Cars,Gensve,Switzerland,Medium
22,100.0,3223.44,10/5/2003 0:00,Shipped,10,2003,Classic Cars,Oslo,Norway,Medium
43,100.0,5278.68,10/16/2004 0:00,Shipped,10,2004,Classic Cars,Madrid,Spain,Medium
27,100.0,2851.2,11/4/2004 0:00,Shipped,11,2004,Classic Cars,New Bedford,USA,Small
26,64.9,1687.4,11/17/2004 0:00,Shipped,11,2004,Classic Cars,Philadelphia,USA,Small
25,52.32,1308.0,11/24/2004 0:00,Shipped,11,2004,Classic Cars,Reims,France,Small
49,100.0,6144.6,1/10/2005 0:00,Shipped,1,2005,Classic Cars,Charleroi,Belgium,Medium
29,100.0,5127.2,2/10/2005 0:00,Shipped,2,2005,Classic Cars,Madrid,Spain,Medium
41,100.0,6386.16,4/22/2005 0:00,On Hold,4,2005,Classic Cars,San Jose,USA,Medium
55,100.0,7695.6,5/17/2005 0:00,Shipped,5,2005,Classic Cars,Salzburg,Austria,Large
27,83.07,2242.89,1/29/2003 0:00,Shipped,1,2003,Vintage Cars,Stavern,Norway,Small
23,100.0,2539.89,3/24/2003 0:00,Shipped,3,2003,Vintage Cars,Lule,Sweden,Small
31,90.17,2795.27,5/28/2003 0:00,Shipped,5,2003,Vintage Cars,Madrid,Spain,Small
46,100.0,5545.76,7/16/2003 0:00,Shipped,7,2003,Vintage Cars,Chatswood,Australia,Medium
47,91.18,4285.46,9/19/2003 0:00,Shipped,9,2003,Vintage Cars,Singapore,Singapore,Medium
31,100.0,3329.09,10/20/2003 0:00,Shipped,10,2003,Vintage Cars,NYC,USA,Medium
46,100.0,5592.22,11/6/2003 0:00,Shipped,11,2003,Vintage Cars,South Brisbane,Australia,Medium
37,89.15,3298.55,11/13/2003 0:00,Shipped,11,2003,Vintage Cars,Philadelphia,USA,Medium
28,93.21,2609.88,11/21/2003 0:00,Shipped,11,2003,Vintage Cars,Glen Waverly,Australia,Small
37,90.17,3336.29,12/5/2003 0:00,Shipped,12,2003,Vintage Cars,Vancouver,Canada,Medium
49,100.0,5510.05,1/29/2004 0:00,Shipped,1,2004,Vintage Cars,Burbank,USA,Medium
24,100.0,2504.4,3/10/2004 0:00,Shipped,3,2004,Vintage Cars,Cambridge,USA,Small
30,100.0,3525.6,4/29/2004 0:00,Shipped,4,2004,Vintage Cars,Madrid,Spain,Medium
50,88.14,4407.0,6/14/2004 0:00,Shipped,6,2004,Vintage Cars,San Jose,USA,Medium
31,96.24,2983.44,7/19/2004 0:00,Shipped,7,2004,Vintage Cars,Chatswood,Australia,Small
46,100.0,5126.24,8/17/2004 0:00,Shipped,8,2004,Vintage Cars,Torino,Italy,Medium
47,100.0,5713.79,9/8/2004 0:00,Shipped,9,2004,Vintage Cars,Boras,Sweden,Medium
46,100.0,4613.8,10/11/2004 0:00,Shipped,10,2004,Vintage Cars,Versailles,France,Medium
37,100.0,3711.1,10/21/2004 0:00,Shipped,10,2004,Vintage Cars,San Rafael,USA,Medium
33,100.0,3524.73,11/4/2004 0:00,Shipped,11,2004,Vintage Cars,Nashua,USA,Medium
31,90.17,2795.27,11/18/2004 0:00,Shipped,11,2004,Vintage Cars,San Francisco,USA,Small
48,100.0,4814.4,11/29/2004 0:00,Shipped,11,2004,Vintage Cars,Melbourne,Australia,Medium
41,87.13,3572.33,12/10/2004 0:00,Shipped,12,2004,Vintage Cars,San Rafael,USA,Medium
42,100.0,4581.36,1/20/2005 0:00,Shipped,1,2005,Vintage Cars,Brickhaven,USA,Medium
41,100.0,4319.76,2/17/2005 0:00,Shipped,2,2005,Vintage Cars,San Francisco,USA,Medium
32,45.25,1448.0,3/9/2005 0:00,Shipped,3,2005,Vintage Cars,North Sydney,Australia,Small
10,88.14,881.4,5/30/2005 0:00,In Process,5,2005,Vintage Cars,Bruxelles,Belgium,Small
35,57.46,2011.1,1/29/2003 0:00,Shipped,1,2003,Vintage Cars,Stavern,Norway,Small
28,64.33,1801.24,3/25/2003 0:00,Shipped,3,2003,Vintage Cars,San Francisco,USA,Small
46,73.7,3390.2,5/28/2003 0:00,Shipped,5,2003,Vintage Cars,Madrid,Spain,Medium
20,71.2,1424.0,7/16/2003 0:00,Shipped,7,2003,Vintage Cars,Chatswood,Australia,Small
30,49.97,1499.1,9/19/2003 0:00,Shipped,9,2003,Vintage Cars,Singapore,Singapore,Small
48,69.96,3358.08,10/20/2003 0:00,Shipped,10,2003,Vintage Cars,NYC,USA,Medium
28,53.72,1504.16,11/5/2003 0:00,Shipped,11,2003,Vintage Cars,Bergamo,Italy,Small
39,68.08,2655.12,11/13/2003 0:00,Shipped,11,2003,Vintage Cars,Philadelphia,USA,Small
24,51.84,1244.16,11/21/2003 0:00,Shipped,11,2003,Vintage Cars,Glen Waverly,Australia,Small
28,67.46,1888.88,12/5/2003 0:00,Shipped,12,2003,Vintage Cars,Vancouver,Canada,Small
31,58.71,1820.01,1/29/2004 0:00,Shipped,1,2004,Vintage Cars,Burbank,USA,Small
45,63.71,2866.95,3/10/2004 0:00,Shipped,3,2004,Vintage Cars,Cambridge,USA,Small
24,58.09,1394.16,4/29/2004 0:00,Shipped,4,2004,Vintage Cars,Madrid,Spain,Small
49,53.72,2632.28,6/14/2004 0:00,Shipped,6,2004,Vintage Cars,San Jose,USA,Small
32,63.08,2018.56,7/16/2004 0:00,Shipped,7,2004,Vintage Cars,Salzburg,Austria,Small
43,68.71,2954.53,8/17/2004 0:00,Shipped,8,2004,Vintage Cars,Torino,Italy,Small
37,50.59,1871.83,9/8/2004 0:00,Shipped,9,2004,Vintage Cars,Boras,Sweden,Small
24,64.96,1559.04,10/11/2004 0:00,Shipped,10,2004,Vintage Cars,Versailles,France,Small
35,53.72,1880.2,10/21/2004 0:00,Shipped,10,2004,Vintage Cars,San Rafael,USA,Small
41,29.87,1224.67,11/4/2004 0:00,Shipped,11,2004,Vintage Cars,Nashua,USA,Small
26,100.0,2979.08,11/17/2004 0:00,Shipped,11,2004,Vintage Cars,Manchester,UK,Small
34,64.96,2208.64,11/29/2004 0:00,Shipped,11,2004,Vintage Cars,Melbourne,Australia,Small
49,70.58,3458.42,12/10/2004 0:00,Shipped,12,2004,Vintage Cars,San Rafael,USA,Medium
28,44.21,1237.88,1/20/2005 0:00,Shipped,1,2005,Vintage Cars,Brickhaven,USA,Small
40,68.08,2723.2,2/17/2005 0:00,Shipped,2,2005,Vintage Cars,San Francisco,USA,Small
37,59.96,2218.52,3/10/2005 0:00,Shipped,3,2005,Vintage Cars,Graz,Austria,Small
31,53.72,1665.32,5/30/2005 0:00,In Process,5,2005,Vintage Cars,Bruxelles,Belgium,Small
41,83.44,3421.04,2/17/2003 0:00,Shipped,2,2003,Ships,Bergamo,Italy,Medium
21,89.46,1878.66,4/28/2003 0:00,Shipped,4,2003,Ships,Salzburg,Austria,Small
40,96.34,3853.6,6/16/2003 0:00,Shipped,6,2003,Ships,Brickhaven,USA,Medium
46,74.84,3442.64,8/10/2003 0:00,Shipped,8,2003,Ships,New Bedford,USA,Medium
44,79.14,3482.16,10/6/2003 0:00,Shipped,10,2003,Ships,Helsinki,Finland,Medium
46,73.12,3363.52,10/23/2003 0:00,Cancelled,10,2003,Ships,Boras,Sweden,Medium
41,81.72,3350.52,11/8/2003 0:00,Shipped,11,2003,Ships,Toulouse,France,Medium
32,89.46,2862.72,11/14/2003 0:00,Shipped,11,2003,Ships,London,UK,Small
46,87.74,4036.04,11/26/2003 0:00,Shipped,11,2003,Ships,Barcelona,Spain,Medium
28,100.0,2817.92,1/9/2004 0:00,Shipped,1,2004,Ships,Los Angeles,USA,Small
49,94.62,4636.38,2/19/2004 0:00,Shipped,2,2004,Ships,San Diego,USA,Medium
21,73.98,1553.58,5/7/2004 0:00,Cancelled,5,2004,Ships,NYC,USA,Small
32,84.3,2697.6,6/24/2004 0:00,Cancelled,6,2004,Ships,Madrid,Spain,Small
34,98.06,3334.04,7/21/2004 0:00,Shipped,7,2004,Ships,Bruxelles,Belgium,Medium
21,98.06,2059.26,8/20/2004 0:00,Shipped,8,2004,Ships,Tsawassen,Canada,Small
21,96.34,2023.14,9/15/2004 0:00,Shipped,9,2004,Ships,Munich,Germany,Small
31,83.44,2586.64,10/14/2004 0:00,Shipped,10,2004,Ships,Philadelphia,USA,Small
21,94.62,1987.02,11/1/2004 0:00,Shipped,11,2004,Ships,Cowes,UK,Small
25,45.86,1146.5,11/10/2004 0:00,Resolved,11,2004,Ships,Kobenhavn,Denmark,Small
28,82.58,2312.24,11/22/2004 0:00,Shipped,11,2004,Ships,Charleroi,Belgium,Small
43,64.97,2793.71,12/2/2004 0:00,Shipped,12,2004,Ships,Madrid,Spain,Small
22,86.74,1908.28,1/31/2005 0:00,Shipped,1,2005,Ships,Oulu,Finland,Small
37,93.01,3441.37,3/1/2005 0:00,Resolved,3,2005,Ships,Madrid,Spain,Medium
28,72.26,2023.28,3/30/2005 0:00,Shipped,3,2005,Ships,Reims,France,Small
30,74.84,2245.2,4/1/2005 0:00,Shipped,4,2005,Ships,San Jose,USA,Small
44,73.98,3255.12,5/6/2005 0:00,On Hold,5,2005,Ships,Boston,USA,Medium
25,100.0,2539.5,1/29/2003 0:00,Shipped,1,2003,Vintage Cars,Stavern,Norway,Small
43,100.0,4818.15,3/25/2003 0:00,Shipped,3,2003,Vintage Cars,San Francisco,USA,Medium
30,97.39,2921.7,5/28/2003 0:00,Shipped,5,2003,Vintage Cars,Madrid,Spain,Small
20,90.06,1801.2,7/16/2003 0:00,Shipped,7,2003,Vintage Cars,Chatswood,Australia,Small
26,100.0,2804.36,9/19/2003 0:00,Shipped,9,2003,Vintage Cars,Singapore,Singapore,Small
40,100.0,4900.8,10/20/2003 0:00,Shipped,10,2003,Vintage Cars,NYC,USA,Medium
31,89.01,2759.31,11/5/2003 0:00,Shipped,11,2003,Vintage Cars,Bergamo,Italy,Small
22,100.0,2488.2,11/13/2003 0:00,Shipped,11,2003,Vintage Cars,Philadelphia,USA,Small
23,100.0,2769.89,11/21/2003 0:00,Shipped,11,2003,Vintage Cars,Glen Waverly,Australia,Small
30,100.0,3581.4,12/5/2003 0:00,Shipped,12,2003,Vintage Cars,Vancouver,Canada,Medium
49,100.0,5285.14,1/29/2004 0:00,Shipped,1,2004,Vintage Cars,Burbank,USA,Medium
31,100.0,3181.53,3/10/2004 0:00,Shipped,3,2004,Vintage Cars,Cambridge,USA,Medium
29,100.0,3340.51,4/29/2004 0:00,Shipped,4,2004,Vintage Cars,Madrid,Spain,Medium
37,84.82,3138.34,6/14/2004 0:00,Shipped,6,2004,Vintage Cars,San Jose,USA,Medium
38,100.0,4775.08,7/19/2004 0:00,Shipped,7,2004,Vintage Cars,Chatswood,Australia,Medium
29,100.0,3006.43,8/17/2004 0:00,Shipped,8,2004,Vintage Cars,Torino,Italy,Medium
23,100.0,2866.26,9/8/2004 0:00,Shipped,9,2004,Vintage Cars,Boras,Sweden,Small
26,85.87,2232.62,10/11/2004 0:00,Shipped,10,2004,Vintage Cars,Versailles,France,Small
38,100.0,4457.02,10/21/2004 0:00,Shipped,10,2004,Vintage Cars,San Rafael,USA,Medium
48,47.04,2257.92,11/4/2004 0:00,Shipped,11,2004,Vintage Cars,Nashua,USA,Small
40,39.8,1592.0,11/17/2004 0:00,Shipped,11,2004,Vintage Cars,Manchester,UK,Small
45,100.0,4948.2,11/29/2004 0:00,Shipped,11,2004,Vintage Cars,Melbourne,Australia,Medium
44,100.0,5160.76,12/10/2004 0:00,Shipped,12,2004,Vintage Cars,San Rafael,USA,Medium
21,94.22,1978.62,1/20/2005 0:00,Shipped,1,2005,Vintage Cars,Brickhaven,USA,Small
35,100.0,4288.2,2/17/2005 0:00,Shipped,2,2005,Vintage Cars,San Francisco,USA,Medium
29,86.92,2520.68,3/10/2005 0:00,Shipped,3,2005,Vintage Cars,Graz,Austria,Small
21,84.82,1781.22,5/30/2005 0:00,In Process,5,2005,Vintage Cars,Bruxelles,Belgium,Small
22,100.0,3065.04,2/11/2003 0:00,Shipped,2,2003,Vintage Cars,Kobenhavn,Denmark,Medium
26,100.0,3551.34,4/16/2003 0:00,Shipped,4,2003,Vintage Cars,Singapore,Singapore,Medium
41,100.0,5544.02,6/6/2003 0:00,Shipped,6,2003,Vintage Cars,Madrid,Spain,Medium
47,100.0,6034.33,8/8/2003 0:00,Shipped,8,2003,Vintage Cars,San Rafael,USA,Medium
31,100.0,3641.57,9/28/2003 0:00,Shipped,9,2003,Vintage Cars,Madrid,Spain,Medium
43,100.0,6930.74,10/21/2003 0:00,Shipped,10,2003,Vintage Cars,New Bedford,USA,Medium
23,100.0,3675.63,11/7/2003 0:00,Shipped,11,2003,Vintage Cars,Madrid,Spain,Medium
28,100.0,3442.04,11/14/2003 0:00,Shipped,11,2003,Vintage Cars,New Bedford,USA,Medium
49,100.0,6893.81,11/26/2003 0:00,Shipped,11,2003,Vintage Cars,New Haven,USA,Medium
24,100.0,2622.48,1/2/2004 0:00,Shipped,1,2004,Vintage Cars,Lyon,France,Small
33,100.0,4417.38,2/18/2004 0:00,Shipped,2,2004,Vintage Cars,Bruxelles,Belgium,Medium
22,100.0,3606.02,3/20/2004 0:00,Shipped,3,2004,Vintage Cars,Cowes,UK,Medium
32,100.0,3802.56,5/7/2004 0:00,Cancelled,5,2004,Vintage Cars,NYC,USA,Medium
40,100.0,5026.4,7/21/2004 0:00,Shipped,7,2004,Vintage Cars,Bruxelles,Belgium,Medium
43,100.0,6695.53,8/20/2004 0:00,Shipped,8,2004,Vintage Cars,San Rafael,USA,Medium
24,100.0,2819.28,9/9/2004 0:00,Shipped,9,2004,Vintage Cars,Torino,Italy,Small
32,100.0,3759.04,10/14/2004 0:00,Shipped,10,2004,Vintage Cars,Manchester,UK,Medium
20,100.0,2731.8,10/22/2004 0:00,Shipped,10,2004,Vintage Cars,Aaarhus,Denmark,Small
24,69.12,1658.88,11/5/2004 0:00,Shipped,11,2004,Vintage Cars,Stavern,Norway,Small
48,100.0,5778.24,11/20/2004 0:00,Shipped,11,2004,Vintage Cars,Paris,France,Medium
44,100.0,5191.12,12/2/2004 0:00,Shipped,12,2004,Vintage Cars,Madrid,Spain,Medium
28,100.0,3862.88,1/26/2005 0:00,Shipped,1,2005,Vintage Cars,Minato-ku,Japan,Medium
24,61.52,1476.48,2/22/2005 0:00,Shipped,2,2005,Vintage Cars,Madrid,Spain,Small
33,100.0,5273.73,3/23/2005 0:00,Shipped,3,2005,Vintage Cars,San Rafael,USA,Medium
41,100.0,4872.03,5/6/2005 0:00,On Hold,5,2005,Vintage Cars,Boston,USA,Medium
23,100.0,4556.99,1/31/2003 0:00,Shipped,1,2003,Classic Cars,Madrid,Spain,Medium
46,100.0,8257.0,3/10/2003 0:00,Shipped,3,2003,Classic Cars,Philadelphia,USA,Large
48,100.0,8209.44,4/1/2003 0:00,Shipped,4,2003,Classic Cars,Paris,France,Large
25,100.0,3598.5,5/8/2003 0:00,Shipped,5,2003,Classic Cars,Marseille,France,Medium
22,100.0,3837.24,6/3/2003 0:00,Shipped,6,2003,Classic Cars,NYC,USA,Medium
41,100.0,8331.61,7/4/2003 0:00,Shipped,7,2003,Classic Cars,Toulouse,France,Large
34,100.0,4836.5,8/1/2003 0:00,Shipped,8,2003,Classic Cars,Espoo,Finland,Medium
32,100.0,5418.88,9/11/2003 0:00,Shipped,9,2003,Classic Cars,North Sydney,Australia,Medium
21,100.0,3734.01,9/21/2003 0:00,Shipped,9,2003,Classic Cars,Oulu,Finland,Medium
20,100.0,3996.4,10/11/2003 0:00,Shipped,10,2003,Classic Cars,Los Angeles,USA,Medium
47,100.0,8754.69,10/22/2003 0:00,Shipped,10,2003,Classic Cars,Singapore,Singapore,Large
39,100.0,5481.45,11/5/2003 0:00,Shipped,11,2003,Classic Cars,Montreal,Canada,Medium
29,100.0,4419.89,11/6/2003 0:00,Shipped,11,2003,Classic Cars,London,UK,Medium
45,100.0,6324.75,11/12/2003 0:00,Shipped,11,2003,Classic Cars,Bergen,Norway,Medium
28,100.0,4409.72,11/14/2003 0:00,Shipped,11,2003,Classic Cars,Sevilla,Spain,Medium
26,100.0,3918.46,11/20/2003 0:00,Shipped,11,2003,Classic Cars,Nashua,USA,Medium
50,100.0,7620.5,11/25/2003 0:00,Shipped,11,2003,Classic Cars,White Plains,USA,Large
48,100.0,8291.04,12/2/2003 0:00,Shipped,12,2003,Classic Cars,Madrid,Spain,Large
25,100.0,3937.25,12/9/2003 0:00,Shipped,12,2003,Classic Cars,Boston,USA,Medium
40,100.0,5554.4,1/16/2004 0:00,Shipped,1,2004,Classic Cars,Madrid,Spain,Medium
43,100.0,6407.86,2/22/2004 0:00,Shipped,2,2004,Classic Cars,Gensve,Switzerland,Medium
22,100.0,4172.52,3/11/2004 0:00,Shipped,3,2004,Classic Cars,San Rafael,USA,Medium
47,100.0,7083.37,4/12/2004 0:00,Shipped,4,2004,Classic Cars,Oulu,Finland,Large
36,100.0,7132.68,5/5/2004 0:00,Shipped,5,2004,Classic Cars,Madrid,Spain,Large
40,100.0,6773.6,6/1/2004 0:00,Cancelled,6,2004,Classic Cars,Liverpool,UK,Medium
27,100.0,3657.69,6/15/2004 0:00,Shipped,6,2004,Classic Cars,Singapore,Singapore,Medium
29,100.0,4812.55,7/6/2004 0:00,Shipped,7,2004,Classic Cars,Reggio Emilia,Italy,Medium
20,100.0,3928.6,7/20/2004 0:00,Shipped,7,2004,Classic Cars,San Rafael,USA,Medium
42,100.0,6401.22,8/6/2004 0:00,Shipped,8,2004,Classic Cars,Las Vegas,USA,Medium
25,100.0,4191.25,8/19/2004 0:00,Shipped,8,2004,Classic Cars,Allentown,USA,Medium
36,100.0,5852.52,8/30/2004 0:00,Shipped,8,2004,Classic Cars,Gensve,Switzerland,Medium
21,100.0,2844.87,9/8/2004 0:00,Shipped,9,2004,Classic Cars,NYC,USA,Small
23,100.0,4011.66,10/5/2003 0:00,Shipped,10,2003,Classic Cars,Oslo,Norway,Medium
37,100.0,7455.87,10/13/2004 0:00,Shipped,10,2004,Classic Cars,Cambridge,USA,Large
48,100.0,8940.96,10/16/2004 0:00,Shipped,10,2004,Classic Cars,Koln,Germany,Large
25,100.0,4572.25,10/22/2004 0:00,Shipped,10,2004,Classic Cars,Vancouver,Canada,Medium
33,100.0,5700.09,11/4/2004 0:00,Shipped,11,2004,Classic Cars,New Bedford,USA,Medium
27,100.0,3155.49,11/5/2004 0:00,Shipped,11,2004,Classic Cars,NYC,USA,Medium
27,100.0,4170.69,11/17/2004 0:00,Shipped,11,2004,Classic Cars,Philadelphia,USA,Medium
20,100.0,2878.8,11/19/2004 0:00,On Hold,11,2004,Classic Cars,Lule,Sweden,Small
30,100.0,5029.5,11/24/2004 0:00,Shipped,11,2004,Classic Cars,Melbourne,Australia,Medium
48,100.0,7396.8,12/1/2004 0:00,Shipped,12,2004,Classic Cars,NYC,USA,Large
32,93.49,2991.68,12/10/2004 0:00,Shipped,12,2004,Classic Cars,Madrid,Spain,Small
34,100.0,6275.72,1/10/2005 0:00,Shipped,1,2005,Classic Cars,Charleroi,Belgium,Medium
27,56.85,1534.95,1/20/2005 0:00,Shipped,1,2005,Classic Cars,North Sydney,Australia,Small
39,100.0,7264.53,2/9/2005 0:00,Shipped,2,2005,Classic Cars,Helsinki,Finland,Large
47,100.0,6869.05,2/22/2005 0:00,Shipped,2,2005,Classic Cars,Madrid,Spain,Medium
22,100.0,3353.02,3/15/2005 0:00,Shipped,3,2005,Classic Cars,Madrid,Spain,Medium
55,100.0,8289.05,4/14/2005 0:00,Shipped,4,2005,Classic Cars,Strasbourg,France,Large
60,100.0,11887.8,5/3/2005 0:00,Shipped,5,2005,Classic Cars,Madrid,Spain,Large
35,100.0,5926.9,5/17/2005 0:00,Shipped,5,2005,Classic Cars,Salzburg,Austria,Medium
28,100.0,3793.16,5/31/2005 0:00,In Process,5,2005,Classic Cars,Nantes,France,Medium
38,100.0,4330.1,2/11/2003 0:00,Shipped,2,2003,Trains,Kobenhavn,Denmark,Medium
21,95.8,2011.8,4/16/2003 0:00,Shipped,4,2003,Trains,Singapore,Singapore,Small
41,100.0,4837.18,6/6/2003 0:00,Shipped,6,2003,Trains,Madrid,Spain,Medium
22,97.81,2151.82,8/8/2003 0:00,Shipped,8,2003,Trains,San Rafael,USA,Small
29,88.74,2573.46,9/28/2003 0:00,Shipped,9,2003,Trains,Madrid,Spain,Small
50,100.0,5344.5,10/22/2003 0:00,Shipped,10,2003,Trains,Singapore,Singapore,Medium
29,100.0,3070.52,11/7/2003 0:00,Shipped,11,2003,Trains,Madrid,Spain,Medium
49,80.67,3952.83,11/14/2003 0:00,Shipped,11,2003,Trains,New Bedford,USA,Medium
35,100.0,3564.75,11/26/2003 0:00,Shipped,11,2003,Trains,New Haven,USA,Medium
48,100.0,5614.56,1/2/2004 0:00,Shipped,1,2004,Trains,Lyon,France,Medium
23,80.67,1855.41,2/18/2004 0:00,Shipped,2,2004,Trains,Bruxelles,Belgium,Small
48,95.8,4598.4,3/20/2004 0:00,Shipped,3,2004,Trains,Cowes,UK,Medium
42,100.0,5082.42,5/7/2004 0:00,Cancelled,5,2004,Trains,NYC,USA,Medium
47,100.0,5450.59,7/21/2004 0:00,Shipped,7,2004,Trains,Bruxelles,Belgium,Medium
36,100.0,4174.92,8/20/2004 0:00,Shipped,8,2004,Trains,San Rafael,USA,Medium
22,100.0,2418.24,9/9/2004 0:00,Shipped,9,2004,Trains,Torino,Italy,Small
40,91.76,3670.4,10/14/2004 0:00,Shipped,10,2004,Trains,Manchester,UK,Medium
23,100.0,2481.7,10/22/2004 0:00,Shipped,10,2004,Trains,Aaarhus,Denmark,Small
32,100.0,3807.68,11/9/2004 0:00,Shipped,11,2004,Trains,Lule,Sweden,Medium
21,100.0,2230.41,11/20/2004 0:00,Shipped,11,2004,Trains,Paris,France,Small
41,93.04,3814.64,12/2/2004 0:00,Shipped,12,2004,Trains,Madrid,Spain,Medium
25,84.71,2117.75,1/26/2005 0:00,Shipped,1,2005,Trains,Minato-ku,Japan,Small
26,100.0,3340.48,2/22/2005 0:00,Shipped,2,2005,Trains,Madrid,Spain,Medium
24,89.75,2154.0,3/23/2005 0:00,Shipped,3,2005,Trains,San Rafael,USA,Small
48,100.0,5808.48,5/6/2005 0:00,On Hold,5,2005,Trains,Boston,USA,Medium
26,68.35,1777.1,3/3/2003 0:00,Shipped,3,2003,Classic Cars,Makati City,Philippines,Small
21,73.17,1536.57,5/8/2003 0:00,Shipped,5,2003,Classic Cars,Marseille,France,Small
45,78.0,3510.0,7/2/2003 0:00,Shipped,7,2003,Classic Cars,San Rafael,USA,Medium
36,86.04,3097.44,9/5/2003 0:00,Shipped,9,2003,Classic Cars,Brickhaven,USA,Medium
21,81.21,1705.41,10/10/2003 0:00,Shipped,10,2003,Classic Cars,San Francisco,USA,Small
32,70.76,2264.32,11/4/2003 0:00,Shipped,11,2003,Classic Cars,North Sydney,Australia,Small
30,82.82,2484.6,11/12/2003 0:00,Shipped,11,2003,Classic Cars,Bergen,Norway,Small
36,94.88,3415.68,11/20/2003 0:00,Shipped,11,2003,Classic Cars,Koln,Germany,Medium
33,86.04,2839.32,12/2/2003 0:00,Shipped,12,2003,Classic Cars,Madrid,Spain,Small
35,78.0,2730.0,1/15/2004 0:00,Shipped,1,2004,Classic Cars,Paris,France,Small
37,95.69,3540.53,2/22/2004 0:00,Shipped,2,2004,Classic Cars,Gensve,Switzerland,Medium
41,73.17,2999.97,4/9/2004 0:00,Shipped,4,2004,Classic Cars,Kobenhavn,Denmark,Small
20,76.39,1527.8,5/26/2004 0:00,Shipped,5,2004,Classic Cars,Paris,France,Small
45,86.84,3907.8,7/2/2004 0:00,Shipped,7,2004,Classic Cars,Glen Waverly,Australia,Medium
38,69.96,2658.48,8/2/2004 0:00,Shipped,8,2004,Classic Cars,Brickhaven,USA,Small
43,70.76,3042.68,8/30/2004 0:00,Shipped,8,2004,Classic Cars,Gensve,Switzerland,Medium
49,78.8,3861.2,10/4/2003 0:00,Shipped,10,2003,Classic Cars,Frankfurt,Germany,Medium
27,80.41,2171.07,10/16/2004 0:00,Shipped,10,2004,Classic Cars,Koln,Germany,Small
46,73.98,3403.08,11/3/2004 0:00,Shipped,11,2004,Classic Cars,NYC,USA,Medium
38,59.1,2245.8,11/15/2004 0:00,Shipped,11,2004,Classic Cars,NYC,USA,Small
25,66.74,1668.5,11/24/2004 0:00,Shipped,11,2004,Classic Cars,Melbourne,Australia,Small
46,60.3,2773.8,1/6/2005 0:00,Shipped,1,2005,Classic Cars,Espoo,Finland,Small
22,100.0,2464.0,2/10/2005 0:00,Shipped,2,2005,Classic Cars,Madrid,Spain,Small
40,100.0,5491.6,3/4/2005 0:00,Shipped,3,2005,Classic Cars,San Rafael,USA,Medium
46,100.0,4791.82,1/29/2003 0:00,Shipped,1,2003,Vintage Cars,Stavern,Norway,Medium
39,100.0,4178.85,3/25/2003 0:00,Shipped,3,2003,Vintage Cars,San Francisco,USA,Medium
38,82.34,3128.92,5/28/2003 0:00,Shipped,5,2003,Vintage Cars,Madrid,Spain,Medium
30,100.0,3095.4,7/16/2003 0:00,Shipped,7,2003,Vintage Cars,Chatswood,Australia,Medium
42,94.25,3958.5,9/12/2003 0:00,Shipped,9,2003,Vintage Cars,Brisbane,USA,Medium
43,100.0,4991.44,10/20/2003 0:00,Shipped,10,2003,Vintage Cars,NYC,USA,Medium
29,95.24,2761.96,11/5/2003 0:00,Shipped,11,2003,Vintage Cars,Bergamo,Italy,Small
33,86.31,2848.23,11/12/2003 0:00,Shipped,11,2003,Vintage Cars,San Rafael,USA,Small
32,79.37,2539.84,11/21/2003 0:00,Shipped,11,2003,Vintage Cars,Glen Waverly,Australia,Small
28,87.3,2444.4,12/5/2003 0:00,Shipped,12,2003,Vintage Cars,Vancouver,Canada,Small
41,100.0,4555.92,1/29/2004 0:00,Shipped,1,2004,Vintage Cars,Burbank,USA,Medium
33,100.0,3666.96,3/2/2004 0:00,Shipped,3,2004,Vintage Cars,Lyon,France,Medium
36,84.33,3035.88,4/29/2004 0:00,Shipped,4,2004,Vintage Cars,Madrid,Spain,Medium
26,89.29,2321.54,6/14/2004 0:00,Shipped,6,2004,Vintage Cars,San Jose,USA,Small
34,100.0,3474.46,8/17/2004 0:00,Shipped,8,2004,Vintage Cars,Torino,Italy,Medium
26,96.23,2501.98,9/7/2004 0:00,Shipped,9,2004,Vintage Cars,Brickhaven,USA,Small
38,100.0,3958.46,10/11/2004 0:00,Shipped,10,2004,Vintage Cars,Versailles,France,Medium
33,100.0,3535.95,10/21/2004 0:00,Shipped,10,2004,Vintage Cars,San Rafael,USA,Medium
33,91.27,3011.91,11/5/2004 0:00,Shipped,11,2004,Vintage Cars,Frankfurt,Germany,Medium
46,100.0,11336.7,11/18/2004 0:00,Shipped,11,2004,Vintage Cars,San Francisco,USA,Large
26,100.0,2656.94,11/29/2004 0:00,Shipped,11,2004,Vintage Cars,Melbourne,Australia,Small
25,100.0,2604.25,12/10/2004 0:00,Shipped,12,2004,Vintage Cars,San Rafael,USA,Small
45,73.08,3288.6,1/20/2005 0:00,Shipped,1,2005,Vintage Cars,Brickhaven,USA,Medium
50,100.0,8935.5,2/17/2005 0:00,Shipped,2,2005,Vintage Cars,San Rafael,USA,Large
36,100.0,4035.96,3/10/2005 0:00,Shipped,3,2005,Vintage Cars,Graz,Austria,Medium
21,89.29,1875.09,5/30/2005 0:00,In Process,5,2005,Vintage Cars,Bruxelles,Belgium,Small
29,100.0,4049.56,3/3/2003 0:00,Shipped,3,2003,Classic Cars,Makati City,Philippines,Medium
21,100.0,2469.39,5/8/2003 0:00,Shipped,5,2003,Classic Cars,Marseille,France,Small
42,100.0,5432.7,7/2/2003 0:00,Shipped,7,2003,Classic Cars,San Rafael,USA,Medium
37,100.0,4405.22,9/5/2003 0:00,Shipped,9,2003,Classic Cars,Brickhaven,USA,Medium
25,100.0,3638.0,10/10/2003 0:00,Shipped,10,2003,Classic Cars,San Francisco,USA,Medium
36,100.0,4444.92,11/4/2003 0:00,Shipped,11,2003,Classic Cars,North Sydney,Australia,Medium
22,100.0,3395.48,11/12/2003 0:00,Shipped,11,2003,Classic Cars,Bergen,Norway,Medium
23,100.0,3414.58,11/20/2003 0:00,Shipped,11,2003,Classic Cars,Koln,Germany,Medium
32,100.0,5127.04,12/2/2003 0:00,Shipped,12,2003,Classic Cars,Madrid,Spain,Medium
28,100.0,3745.28,1/15/2004 0:00,Shipped,1,2004,Classic Cars,Paris,France,Medium
27,100.0,4564.08,2/22/2004 0:00,Shipped,2,2004,Classic Cars,Gensve,Switzerland,Medium
49,100.0,6554.24,4/9/2004 0:00,Shipped,4,2004,Classic Cars,Kobenhavn,Denmark,Medium
41,100.0,6749.83,5/26/2004 0:00,Shipped,5,2004,Classic Cars,Paris,France,Medium
49,100.0,8427.02,7/2/2004 0:00,Shipped,7,2004,Classic Cars,Glen Waverly,Australia,Large
30,100.0,3924.6,8/2/2004 0:00,Shipped,8,2004,Classic Cars,Brickhaven,USA,Medium
40,100.0,6761.6,8/30/2004 0:00,Shipped,8,2004,Classic Cars,Gensve,Switzerland,Medium
23,100.0,3786.49,10/4/2003 0:00,Shipped,10,2003,Classic Cars,Frankfurt,Germany,Medium
49,100.0,6266.12,10/16/2004 0:00,Shipped,10,2004,Classic Cars,Koln,Germany,Medium
25,100.0,3491.0,11/3/2004 0:00,Shipped,11,2004,Classic Cars,Lule,Sweden,Medium
37,100.0,4405.22,11/16/2004 0:00,Shipped,11,2004,Classic Cars,Makati City,Philippines,Medium
55,100.0,6548.3,11/24/2004 0:00,Shipped,11,2004,Classic Cars,Melbourne,Australia,Medium
23,100.0,3177.91,12/7/2004 0:00,Shipped,12,2004,Classic Cars,Madrid,Spain,Medium
24,100.0,4142.64,1/6/2005 0:00,Shipped,1,2005,Classic Cars,Espoo,Finland,Medium
43,96.49,4149.07,2/10/2005 0:00,Shipped,2,2005,Classic Cars,Madrid,Spain,Medium
50,100.0,7397.0,3/4/2005 0:00,Shipped,3,2005,Classic Cars,San Rafael,USA,Large
47,100.0,6241.6,3/10/2003 0:00,Shipped,3,2003,Classic Cars,Philadelphia,USA,Medium
34,100.0,5331.88,5/20/2003 0:00,Shipped,5,2003,Classic Cars,Nantes,France,Medium
31,100.0,5124.3,7/10/2003 0:00,Shipped,7,2003,Classic Cars,Reims,France,Medium
28,100.0,3639.44,9/11/2003 0:00,Shipped,9,2003,Classic Cars,North Sydney,Australia,Medium
36,100.0,5544.0,10/17/2003 0:00,Shipped,10,2003,Classic Cars,Aaarhus,Denmark,Medium
48,100.0,5493.12,11/5/2003 0:00,Shipped,11,2003,Classic Cars,Bridgewater,USA,Medium
39,100.0,5785.26,11/12/2003 0:00,Shipped,11,2003,Classic Cars,Bergen,Norway,Medium
45,100.0,5340.6,11/20/2003 0:00,Shipped,11,2003,Classic Cars,Nashua,USA,Medium
35,100.0,5735.8,12/2/2003 0:00,Shipped,12,2003,Classic Cars,NYC,USA,Medium
45,100.0,6357.6,1/16/2004 0:00,Shipped,1,2004,Classic Cars,Madrid,Spain,Medium
46,100.0,7343.9,2/26/2004 0:00,Shipped,2,2004,Classic Cars,San Diego,USA,Large
37,100.0,5959.22,4/13/2004 0:00,Shipped,4,2004,Classic Cars,Osaka,Japan,Medium
31,100.0,4029.38,6/1/2004 0:00,Cancelled,6,2004,Classic Cars,Liverpool,UK,Medium
33,100.0,5035.14,7/6/2004 0:00,Shipped,7,2004,Classic Cars,Reggio Emilia,Italy,Medium
31,100.0,4116.8,8/6/2004 0:00,Shipped,8,2004,Classic Cars,Las Vegas,USA,Medium
27,100.0,4310.55,8/30/2004 0:00,Shipped,8,2004,Classic Cars,Gensve,Switzerland,Medium
39,100.0,6446.7,10/5/2003 0:00,Shipped,10,2003,Classic Cars,Oslo,Norway,Medium
32,100.0,3616.64,10/16/2004 0:00,Shipped,10,2004,Classic Cars,Madrid,Spain,Medium
28,100.0,4232.76,11/4/2004 0:00,Shipped,11,2004,Classic Cars,New Bedford,USA,Medium
26,67.91,1765.66,11/17/2004 0:00,Shipped,11,2004,Classic Cars,Philadelphia,USA,Small
44,84.88,3734.72,11/24/2004 0:00,Shipped,11,2004,Classic Cars,Reims,France,Medium
46,100.0,4808.38,1/12/2005 0:00,Resolved,1,2005,Classic Cars,Pasadena,USA,Medium
32,70.83,2266.56,2/10/2005 0:00,Shipped,2,2005,Classic Cars,Madrid,Spain,Small
65,100.0,10468.9,4/15/2005 0:00,Disputed,4,2005,Classic Cars,Kobenhavn,Denmark,Large
43,100.0,5589.14,5/17/2005 0:00,Shipped,5,2005,Classic Cars,Salzburg,Austria,Medium
43,67.77,2914.11,3/3/2003 0:00,Shipped,3,2003,Motorcycles,Makati City,Philippines,Small
35,49.74,1740.9,5/8/2003 0:00,Shipped,5,2003,Motorcycles,Marseille,France,Small
45,50.36,2266.2,7/2/2003 0:00,Shipped,7,2003,Motorcycles,San Rafael,USA,Small
47,67.14,3155.58,9/3/2003 0:00,Shipped,9,2003,Motorcycles,Glendale,USA,Medium
21,64.66,1357.86,10/10/2003 0:00,Shipped,10,2003,Motorcycles,San Francisco,USA,Small
38,68.39,2598.82,11/4/2003 0:00,Shipped,11,2003,Motorcycles,North Sydney,Australia,Small
21,50.36,1057.56,11/11/2003 0:00,Shipped,11,2003,Motorcycles,Lille,France,Small
43,72.74,3127.82,11/20/2003 0:00,Shipped,11,2003,Motorcycles,Koln,Germany,Medium
46,54.09,2488.14,1/15/2004 0:00,Shipped,1,2004,Motorcycles,Paris,France,Small
38,58.44,2220.72,2/21/2004 0:00,Shipped,2,2004,Motorcycles,Lille,France,Small
26,52.22,1357.72,4/5/2004 0:00,Shipped,4,2004,Motorcycles,NYC,USA,Small
31,52.84,1638.04,5/26/2004 0:00,Shipped,5,2004,Motorcycles,Paris,France,Small
48,54.71,2626.08,6/30/2004 0:00,Shipped,6,2004,Motorcycles,Boston,USA,Small
33,50.36,1661.88,8/2/2004 0:00,Shipped,8,2004,Motorcycles,Brickhaven,USA,Small
38,57.2,2173.6,8/28/2004 0:00,Shipped,8,2004,Motorcycles,Paris,France,Small
39,55.95,2182.05,9/30/2004 0:00,Shipped,9,2004,Motorcycles,Helsinki,Finland,Small
42,67.14,2819.88,10/16/2004 0:00,Shipped,10,2004,Motorcycles,Koln,Germany,Small
44,59.06,2598.64,11/3/2004 0:00,Shipped,11,2004,Motorcycles,NYC,USA,Small
29,69.63,2019.27,11/16/2004 0:00,Shipped,11,2004,Motorcycles,Makati City,Philippines,Small
26,55.95,1454.7,11/24/2004 0:00,Shipped,11,2004,Motorcycles,Melbourne,Australia,Small
31,53.47,1657.57,12/7/2004 0:00,Shipped,12,2004,Motorcycles,Madrid,Spain,Small
32,89.12,2851.84,1/6/2005 0:00,Shipped,1,2005,Motorcycles,Espoo,Finland,Small
28,100.0,4609.64,2/10/2005 0:00,Shipped,2,2005,Motorcycles,Madrid,Spain,Medium
36,100.0,5079.96,3/4/2005 0:00,Shipped,3,2005,Motorcycles,San Rafael,USA,Medium
36,52.22,1879.92,4/8/2005 0:00,Shipped,4,2005,Motorcycles,Liverpool,UK,Small
41,100.0,4774.86,2/17/2003 0:00,Shipped,2,2003,Vintage Cars,Bergamo,Italy,Medium
27,99.52,2687.04,4/28/2003 0:00,Shipped,4,2003,Vintage Cars,Salzburg,Austria,Small
33,100.0,3423.75,6/16/2003 0:00,Shipped,6,2003,Vintage Cars,Brickhaven,USA,Medium
34,100.0,3455.76,8/10/2003 0:00,Shipped,8,2003,Vintage Cars,New Bedford,USA,Medium
29,100.0,3622.97,10/6/2003 0:00,Shipped,10,2003,Vintage Cars,Helsinki,Finland,Medium
34,100.0,3599.58,10/23/2003 0:00,Cancelled,10,2003,Vintage Cars,Boras,Sweden,Medium
48,100.0,5386.56,11/8/2003 0:00,Shipped,11,2003,Vintage Cars,Toulouse,France,Medium
46,100.0,4918.78,11/14/2003 0:00,Shipped,11,2003,Vintage Cars,London,UK,Medium
22,100.0,2538.8,11/26/2003 0:00,Shipped,11,2003,Vintage Cars,Barcelona,Spain,Small
20,100.0,2498.6,1/9/2004 0:00,Shipped,1,2004,Vintage Cars,Los Angeles,USA,Small
45,85.75,3858.75,2/19/2004 0:00,Shipped,2,2004,Vintage Cars,San Diego,USA,Medium
46,100.0,5600.5,5/8/2004 0:00,Shipped,5,2004,Vintage Cars,Cambridge,USA,Medium
34,100.0,4103.46,6/24/2004 0:00,Cancelled,6,2004,Vintage Cars,Madrid,Spain,Medium
50,85.75,4287.5,7/21/2004 0:00,Shipped,7,2004,Vintage Cars,Bruxelles,Belgium,Medium
46,100.0,5795.54,8/20/2004 0:00,Shipped,8,2004,Vintage Cars,Tsawassen,Canada,Medium
22,84.7,1863.4,9/15/2004 0:00,Shipped,9,2004,Vintage Cars,Munich,Germany,Small
48,86.81,4166.88,10/14/2004 0:00,Shipped,10,2004,Vintage Cars,Philadelphia,USA,Medium
47,86.81,4080.07,11/1/2004 0:00,Shipped,11,2004,Vintage Cars,Cowes,UK,Medium
34,100.0,3815.48,11/12/2004 0:00,Shipped,11,2004,Vintage Cars,Bergamo,Italy,Medium
45,100.0,5526.45,11/22/2004 0:00,Shipped,11,2004,Vintage Cars,Charleroi,Belgium,Medium
20,100.0,3374.6,12/3/2004 0:00,Shipped,12,2004,Vintage Cars,London,UK,Medium
50,60.49,3024.5,1/31/2005 0:00,Shipped,1,2005,Vintage Cars,Oulu,Finland,Medium
22,57.55,1266.1,3/1/2005 0:00,Resolved,3,2005,Vintage Cars,Madrid,Spain,Small
45,100.0,4811.85,3/30/2005 0:00,Shipped,3,2005,Vintage Cars,Reims,France,Medium
58,100.0,7307.42,4/1/2005 0:00,Shipped,4,2005,Vintage Cars,San Jose,USA,Large
51,100.0,6209.25,5/9/2005 0:00,Disputed,5,2005,Vintage Cars,Glen Waverly,Australia,Medium
38,100.0,5348.5,1/31/2003 0:00,Shipped,1,2003,Classic Cars,Madrid,Spain,Medium
22,100.0,2780.58,4/16/2003 0:00,Shipped,4,2003,Classic Cars,Singapore,Singapore,Small
25,100.0,3447.0,6/3/2003 0:00,Shipped,6,2003,Classic Cars,NYC,USA,Medium
24,100.0,3791.52,8/8/2003 0:00,Shipped,8,2003,Classic Cars,San Rafael,USA,Medium
35,100.0,4524.1,9/25/2003 0:00,Shipped,9,2003,Classic Cars,South Brisbane,Australia,Medium
28,100.0,3337.6,10/22/2003 0:00,Shipped,10,2003,Classic Cars,Singapore,Singapore,Medium
36,100.0,5532.12,11/6/2003 0:00,Shipped,11,2003,Classic Cars,Reggio Emilia,Italy,Medium
39,100.0,5096.91,11/14/2003 0:00,Shipped,11,2003,Classic Cars,New Bedford,USA,Medium
27,100.0,4537.08,11/26/2003 0:00,Shipped,11,2003,Classic Cars,New Haven,USA,Medium
40,100.0,6146.8,12/9/2003 0:00,Shipped,12,2003,Classic Cars,Boston,USA,Medium
50,100.0,8258.0,2/12/2004 0:00,Shipped,2,2004,Classic Cars,Dublin,Ireland,Large
42,100.0,7238.28,3/15/2004 0:00,Shipped,3,2004,Classic Cars,Frankfurt,Germany,Large
48,100.0,6756.0,5/5/2004 0:00,Shipped,5,2004,Classic Cars,Espoo,Finland,Medium
25,100.0,3734.0,7/20/2004 0:00,Shipped,7,2004,Classic Cars,Allentown,USA,Medium
31,100.0,4674.8,8/20/2004 0:00,Shipped,8,2004,Classic Cars,San Rafael,USA,Medium
44,100.0,7140.76,9/8/2004 0:00,Shipped,9,2004,Classic Cars,NYC,USA,Large
23,100.0,3600.65,10/14/2004 0:00,Shipped,10,2004,Classic Cars,Manchester,UK,Medium
29,100.0,4206.74,10/22/2004 0:00,Shipped,10,2004,Classic Cars,Aaarhus,Denmark,Medium
49,100.0,5379.71,11/5/2004 0:00,Shipped,11,2004,Classic Cars,NYC,USA,Medium
36,100.0,5679.36,11/21/2004 0:00,Shipped,11,2004,Classic Cars,NYC,USA,Medium
34,100.0,4394.84,12/1/2004 0:00,Shipped,12,2004,Classic Cars,NYC,USA,Medium
25,100.0,2528.25,12/10/2004 0:00,Shipped,12,2004,Classic Cars,Madrid,Spain,Small
48,100.0,7031.52,1/26/2005 0:00,Shipped,1,2005,Classic Cars,Minato-ku,Japan,Large
38,100.0,5340.9,2/22/2005 0:00,Shipped,2,2005,Classic Cars,Madrid,Spain,Medium
37,100.0,6376.58,3/15/2005 0:00,Shipped,3,2005,Classic Cars,Madrid,Spain,Medium
49,100.0,6896.75,5/5/2005 0:00,Shipped,5,2005,Classic Cars,Bridgewater,USA,Medium
22,86.51,1903.22,1/6/2003 0:00,Shipped,1,2003,Vintage Cars,Nashua,USA,Small
28,89.27,2499.56,3/18/2003 0:00,Shipped,3,2003,Vintage Cars,Manchester,UK,Small
36,85.59,3081.24,5/21/2003 0:00,Shipped,5,2003,Vintage Cars,Las Vegas,USA,Medium
34,100.0,3598.22,9/11/2003 0:00,Shipped,9,2003,Vintage Cars,North Sydney,Australia,Medium
39,100.0,3912.09,10/18/2003 0:00,Shipped,10,2003,Vintage Cars,San Francisco,USA,Medium
21,75.46,1584.66,11/5/2003 0:00,Shipped,11,2003,Vintage Cars,Bergamo,Italy,Small
36,100.0,3942.72,11/12/2003 0:00,Shipped,11,2003,Vintage Cars,San Rafael,USA,Medium
24,97.55,2341.2,11/21/2003 0:00,Shipped,11,2003,Vintage Cars,Glen Waverly,Australia,Small
29,85.59,2482.11,12/2/2003 0:00,Shipped,12,2003,Vintage Cars,NYC,USA,Small
38,94.79,3602.02,1/22/2004 0:00,Shipped,1,2004,Vintage Cars,London,UK,Medium
34,100.0,3566.94,3/2/2004 0:00,Shipped,3,2004,Vintage Cars,Lyon,France,Medium
42,90.19,3787.98,4/13/2004 0:00,Shipped,4,2004,Vintage Cars,Strasbourg,France,Medium
35,100.0,3704.05,8/17/2004 0:00,Shipped,8,2004,Vintage Cars,Torino,Italy,Medium
35,80.99,2834.65,9/1/2004 0:00,Shipped,9,2004,Vintage Cars,Singapore,Singapore,Small
38,89.27,3392.26,10/6/2003 0:00,Shipped,10,2003,Vintage Cars,Liverpool,UK,Medium
41,81.91,3358.31,10/16/2004 0:00,Shipped,10,2004,Vintage Cars,Madrid,Spain,Medium
50,100.0,7310.0,11/17/2004 0:00,Shipped,11,2004,Vintage Cars,Manchester,UK,Large
21,100.0,2203.11,11/25/2004 0:00,Shipped,11,2004,Vintage Cars,Marseille,France,Small
43,62.72,2696.96,1/12/2005 0:00,Resolved,1,2005,Vintage Cars,Pasadena,USA,Small
32,100.0,3376.64,2/16/2005 0:00,Shipped,2,2005,Vintage Cars,Madrid,Spain,Medium
6,90.19,541.14,4/22/2005 0:00,On Hold,4,2005,Vintage Cars,San Jose,USA,Small
66,92.95,6134.7,5/29/2005 0:00,In Process,5,2005,Vintage Cars,Chatswood,Australia,Medium
41,82.5,3382.5,2/11/2003 0:00,Shipped,2,2003,Vintage Cars,Kobenhavn,Denmark,Medium
23,97.42,2240.66,4/16/2003 0:00,Shipped,4,2003,Vintage Cars,Singapore,Singapore,Small
43,92.16,3962.88,6/6/2003 0:00,Shipped,6,2003,Vintage Cars,Madrid,Spain,Medium
24,70.22,1685.28,8/8/2003 0:00,Shipped,8,2003,Vintage Cars,San Rafael,USA,Small
22,83.38,1834.36,9/28/2003 0:00,Shipped,9,2003,Vintage Cars,Madrid,Spain,Small
26,73.73,1916.98,10/21/2003 0:00,Shipped,10,2003,Vintage Cars,New Bedford,USA,Small
35,74.6,2611.0,11/7/2003 0:00,Shipped,11,2003,Vintage Cars,Madrid,Spain,Small
47,77.24,3630.28,11/14/2003 0:00,Shipped,11,2003,Vintage Cars,New Bedford,USA,Medium
50,100.0,5090.5,11/26/2003 0:00,Shipped,11,2003,Vintage Cars,Barcelona,Spain,Medium
45,87.77,3949.65,1/2/2004 0:00,Shipped,1,2004,Vintage Cars,Lyon,France,Medium
39,89.53,3491.67,2/18/2004 0:00,Shipped,2,2004,Vintage Cars,Bruxelles,Belgium,Medium
23,89.53,2059.19,3/20/2004 0:00,Shipped,3,2004,Vintage Cars,Cowes,UK,Small
42,75.48,3170.16,5/7/2004 0:00,Cancelled,5,2004,Vintage Cars,NYC,USA,Medium
20,89.53,1790.6,6/17/2004 0:00,Shipped,6,2004,Vintage Cars,Montreal,Canada,Small
33,71.09,2345.97,7/21/2004 0:00,Shipped,7,2004,Vintage Cars,Bruxelles,Belgium,Small
34,100.0,3580.88,8/20/2004 0:00,Shipped,8,2004,Vintage Cars,Tsawassen,Canada,Medium
49,100.0,4946.06,9/9/2004 0:00,Shipped,9,2004,Vintage Cars,Torino,Italy,Medium
39,90.4,3525.6,10/14/2004 0:00,Shipped,10,2004,Vintage Cars,Manchester,UK,Medium
36,100.0,3602.16,10/29/2004 0:00,Shipped,10,2004,Vintage Cars,Nantes,France,Medium
50,86.01,4300.5,11/9/2004 0:00,Shipped,11,2004,Vintage Cars,Lule,Sweden,Medium
29,100.0,4498.19,11/21/2004 0:00,Shipped,11,2004,Vintage Cars,NYC,USA,Medium
30,100.0,3023.1,12/2/2004 0:00,Shipped,12,2004,Vintage Cars,Madrid,Spain,Medium
41,86.89,3562.49,1/26/2005 0:00,Shipped,1,2005,Vintage Cars,Minato-ku,Japan,Medium
28,58.58,1640.24,2/22/2005 0:00,Shipped,2,2005,Vintage Cars,Madrid,Spain,Small
45,100.0,4739.4,3/23/2005 0:00,Shipped,3,2005,Vintage Cars,San Rafael,USA,Medium
16,75.48,1207.68,5/6/2005 0:00,On Hold,5,2005,Vintage Cars,Boston,USA,Small
36,100.0,4228.2,1/29/2003 0:00,Shipped,1,2003,Trucks and Buses,Stavern,Norway,Medium
41,100.0,4815.45,4/1/2003 0:00,Shipped,4,2003,Trucks and Buses,Paris,France,Medium
50,100.0,7083.0,5/28/2003 0:00,Shipped,5,2003,Trucks and Buses,Madrid,Spain,Large
40,100.0,4601.2,7/24/2003 0:00,Shipped,7,2003,Trucks and Buses,Burlingame,USA,Medium
49,100.0,6467.02,9/19/2003 0:00,Shipped,9,2003,Trucks and Buses,Singapore,Singapore,Medium
45,100.0,5012.55,10/21/2003 0:00,Resolved,10,2003,Trucks and Buses,Graz,Austria,Medium
47,100.0,5121.59,11/6/2003 0:00,Shipped,11,2003,Trucks and Buses,London,UK,Medium
21,100.0,2441.04,11/13/2003 0:00,Shipped,11,2003,Trucks and Buses,Philadelphia,USA,Small
32,100.0,4262.08,11/25/2003 0:00,Shipped,11,2003,Trucks and Buses,Lyon,France,Medium
47,100.0,6658.02,12/9/2003 0:00,Shipped,12,2003,Trucks and Buses,Boston,USA,Medium
38,100.0,4509.08,2/4/2004 0:00,Shipped,2,2004,Trucks and Buses,Singapore,Singapore,Medium
41,100.0,4716.23,3/11/2004 0:00,Shipped,3,2004,Trucks and Buses,San Rafael,USA,Medium
21,100.0,2390.22,5/4/2004 0:00,Shipped,5,2004,Trucks and Buses,New Haven,USA,Small
41,100.0,4666.62,6/15/2004 0:00,Shipped,6,2004,Trucks and Buses,Singapore,Singapore,Medium
38,100.0,5383.08,7/19/2004 0:00,Shipped,7,2004,Trucks and Buses,Chatswood,Australia,Medium
25,99.29,2482.25,8/19/2004 0:00,Shipped,8,2004,Trucks and Buses,Allentown,USA,Small
48,100.0,5288.64,9/8/2004 0:00,Shipped,9,2004,Trucks and Buses,Boras,Sweden,Medium
22,99.29,2184.38,10/13/2004 0:00,Shipped,10,2004,Trucks and Buses,Cambridge,USA,Small
28,100.0,2881.76,10/22/2004 0:00,Shipped,10,2004,Trucks and Buses,Vancouver,Canada,Small
47,100.0,6203.06,11/5/2004 0:00,Shipped,11,2004,Trucks and Buses,Frankfurt,Germany,Medium
49,100.0,6763.47,11/19/2004 0:00,On Hold,11,2004,Trucks and Buses,Lule,Sweden,Medium
45,100.0,5884.65,11/29/2004 0:00,Shipped,11,2004,Trucks and Buses,Melbourne,Australia,Medium
28,100.0,3559.64,12/10/2004 0:00,Shipped,12,2004,Trucks and Buses,San Rafael,USA,Medium
29,57.53,1668.37,1/20/2005 0:00,Shipped,1,2005,Trucks and Buses,North Sydney,Australia,Small
39,100.0,4890.6,2/17/2005 0:00,Shipped,2,2005,Trucks and Buses,San Rafael,USA,Medium
46,100.0,5235.72,5/1/2005 0:00,Shipped,5,2005,Trucks and Buses,Montreal,Canada,Medium
38,100.0,4325.16,5/31/2005 0:00,In Process,5,2005,Trucks and Buses,Nantes,France,Medium
41,47.29,1938.89,1/29/2003 0:00,Shipped,1,2003,Vintage Cars,Stavern,Norway,Small
50,49.81,2490.5,3/26/2003 0:00,Shipped,3,2003,Vintage Cars,San Rafael,USA,Small
43,53.83,2314.69,5/28/2003 0:00,Shipped,5,2003,Vintage Cars,Madrid,Spain,Small
29,43.27,1254.83,7/24/2003 0:00,Shipped,7,2003,Vintage Cars,Burlingame,USA,Small
30,42.76,1282.8,9/19/2003 0:00,Shipped,9,2003,Vintage Cars,Singapore,Singapore,Small
25,53.83,1345.75,10/21/2003 0:00,Resolved,10,2003,Vintage Cars,Graz,Austria,Small
49,44.78,2194.22,11/6/2003 0:00,Shipped,11,2003,Vintage Cars,South Brisbane,Australia,Small
40,49.3,1972.0,11/13/2003 0:00,Shipped,11,2003,Vintage Cars,Philadelphia,USA,Small
41,44.78,1835.98,11/25/2003 0:00,Shipped,11,2003,Vintage Cars,Lyon,France,Small
21,53.33,1119.93,12/5/2003 0:00,Shipped,12,2003,Vintage Cars,Vancouver,Canada,Small
46,45.28,2082.88,1/29/2004 0:00,Shipped,1,2004,Vintage Cars,Burbank,USA,Small
39,40.25,1569.75,3/11/2004 0:00,Shipped,3,2004,Vintage Cars,San Rafael,USA,Small
45,59.87,2694.15,5/4/2004 0:00,Shipped,5,2004,Vintage Cars,New Haven,USA,Small
21,59.87,1257.27,6/15/2004 0:00,Shipped,6,2004,Vintage Cars,Minato-ku,Japan,Small
44,58.36,2567.84,7/19/2004 0:00,Shipped,7,2004,Vintage Cars,Chatswood,Australia,Small
44,59.87,2634.28,8/19/2004 0:00,Shipped,8,2004,Vintage Cars,Allentown,USA,Small
29,51.82,1502.78,9/8/2004 0:00,Shipped,9,2004,Vintage Cars,Boras,Sweden,Small
34,49.3,1676.2,10/11/2004 0:00,Shipped,10,2004,Vintage Cars,Versailles,France,Small
39,56.85,2217.15,10/21/2004 0:00,Shipped,10,2004,Vintage Cars,San Rafael,USA,Small
38,100.0,6832.02,11/5/2004 0:00,Shipped,11,2004,Vintage Cars,NYC,USA,Medium
24,79.86,1916.64,11/18/2004 0:00,Shipped,11,2004,Vintage Cars,San Francisco,USA,Small
29,100.0,7110.8,11/1/2004 0:00,Shipped,11,2004,Vintage Cars,Madrid,Spain,Large
30,100.0,5302.8,12/10/2004 0:00,Shipped,12,2004,Vintage Cars,Madrid,Spain,Medium
20,100.0,2730.0,1/20/2005 0:00,Shipped,1,2005,Vintage Cars,North Sydney,Australia,Small
39,100.0,7827.3,2/17/2005 0:00,Shipped,2,2005,Vintage Cars,San Rafael,USA,Large
35,59.87,2095.45,5/1/2005 0:00,Shipped,5,2005,Vintage Cars,Montreal,Canada,Small
26,59.87,1556.62,5/31/2005 0:00,In Process,5,2005,Vintage Cars,Madrid,Spain,Small
44,100.0,5565.12,3/3/2003 0:00,Shipped,3,2003,Classic Cars,Makati City,Philippines,Medium
28,100.0,3583.16,5/8/2003 0:00,Shipped,5,2003,Classic Cars,Marseille,France,Medium
31,100.0,4705.18,7/2/2003 0:00,Shipped,7,2003,Classic Cars,San Rafael,USA,Medium
29,100.0,4444.54,9/3/2003 0:00,Shipped,9,2003,Classic Cars,Glendale,USA,Medium
32,100.0,4618.88,10/10/2003 0:00,Shipped,10,2003,Classic Cars,San Francisco,USA,Medium
33,100.0,4910.4,11/4/2003 0:00,Shipped,11,2003,Classic Cars,North Sydney,Australia,Medium
44,100.0,5565.12,11/11/2003 0:00,Shipped,11,2003,Classic Cars,Lille,France,Medium
32,100.0,4237.76,11/20/2003 0:00,Shipped,11,2003,Classic Cars,Koln,Germany,Medium
41,100.0,5673.58,1/15/2004 0:00,Shipped,1,2004,Classic Cars,Paris,France,Medium
35,100.0,5260.15,2/22/2004 0:00,Shipped,2,2004,Classic Cars,Gensve,Switzerland,Medium
44,100.0,6350.96,4/9/2004 0:00,Shipped,4,2004,Classic Cars,Kobenhavn,Denmark,Medium
26,100.0,3559.4,5/26/2004 0:00,Shipped,5,2004,Classic Cars,Paris,France,Medium
20,100.0,2410.6,6/30/2004 0:00,Shipped,6,2004,Classic Cars,Boston,USA,Small
48,100.0,5713.92,8/2/2004 0:00,Shipped,8,2004,Classic Cars,Brickhaven,USA,Medium
34,100.0,4300.32,8/30/2004 0:00,Shipped,8,2004,Classic Cars,Gensve,Switzerland,Medium
49,100.0,7947.31,9/30/2004 0:00,Shipped,9,2004,Classic Cars,Helsinki,Finland,Large
40,100.0,5356.8,10/16/2004 0:00,Shipped,10,2004,Classic Cars,Koln,Germany,Medium
45,100.0,7901.1,11/3/2004 0:00,Shipped,11,2004,Classic Cars,NYC,USA,Large
50,100.0,6101.0,11/16/2004 0:00,Shipped,11,2004,Classic Cars,Makati City,Philippines,Medium
38,100.0,6276.46,11/24/2004 0:00,Shipped,11,2004,Classic Cars,Melbourne,Australia,Medium
25,100.0,4203.5,12/7/2004 0:00,Shipped,12,2004,Classic Cars,Madrid,Spain,Medium
28,58.18,1629.04,1/6/2005 0:00,Shipped,1,2005,Classic Cars,Espoo,Finland,Small
49,67.14,3289.86,2/10/2005 0:00,Shipped,2,2005,Classic Cars,Madrid,Spain,Medium
49,100.0,6862.94,3/4/2005 0:00,Shipped,3,2005,Classic Cars,San Rafael,USA,Medium
42,61.29,2574.18,3/18/2003 0:00,Shipped,3,2003,Classic Cars,Manchester,UK,Small
23,57.73,1327.79,5/21/2003 0:00,Shipped,5,2003,Classic Cars,Las Vegas,USA,Small
29,81.25,2356.25,9/11/2003 0:00,Shipped,9,2003,Classic Cars,North Sydney,Australia,Small
25,80.54,2013.5,10/17/2003 0:00,Shipped,10,2003,Classic Cars,Aaarhus,Denmark,Small
39,71.98,2807.22,11/5/2003 0:00,Shipped,11,2003,Classic Cars,Bergamo,Italy,Small
44,69.84,3072.96,11/12/2003 0:00,Shipped,11,2003,Classic Cars,San Rafael,USA,Medium
25,76.26,1906.5,11/21/2003 0:00,Shipped,11,2003,Classic Cars,Glen Waverly,Australia,Small
45,76.26,3431.7,12/2/2003 0:00,Shipped,12,2003,Classic Cars,NYC,USA,Medium
25,83.39,2084.75,1/22/2004 0:00,Shipped,1,2004,Classic Cars,London,UK,Small
37,57.73,2136.01,3/2/2004 0:00,Shipped,3,2004,Classic Cars,Lyon,France,Small
30,66.99,2009.7,4/13/2004 0:00,Shipped,4,2004,Classic Cars,Strasbourg,France,Small
36,75.55,2719.8,7/7/2004 0:00,Shipped,7,2004,Classic Cars,NYC,USA,Small
26,60.58,1575.08,8/9/2004 0:00,Shipped,8,2004,Classic Cars,Madrid,Spain,Small
23,73.41,1688.43,9/1/2004 0:00,Shipped,9,2004,Classic Cars,Singapore,Singapore,Small
23,72.7,1672.1,10/6/2003 0:00,Shipped,10,2003,Classic Cars,Liverpool,UK,Small
25,66.99,1674.75,10/16/2004 0:00,Shipped,10,2004,Classic Cars,Madrid,Spain,Small
21,100.0,3472.98,11/17/2004 0:00,Shipped,11,2004,Classic Cars,Manchester,UK,Medium
26,63.43,1649.18,11/25/2004 0:00,Shipped,11,2004,Classic Cars,Marseille,France,Small
44,85.25,3751.0,1/12/2005 0:00,Resolved,1,2005,Classic Cars,Pasadena,USA,Medium
24,100.0,4536.0,2/16/2005 0:00,Shipped,2,2005,Classic Cars,Madrid,Spain,Medium
66,66.99,4421.34,4/22/2005 0:00,On Hold,4,2005,Classic Cars,San Jose,USA,Medium
36,57.73,2078.28,5/29/2005 0:00,In Process,5,2005,Classic Cars,Chatswood,Australia,Small
36,85.25,3069.0,3/18/2003 0:00,Shipped,3,2003,Classic Cars,Manchester,UK,Medium
22,77.9,1713.8,5/21/2003 0:00,Shipped,5,2003,Classic Cars,Las Vegas,USA,Small
25,60.26,1506.5,9/11/2003 0:00,Shipped,9,2003,Classic Cars,North Sydney,Australia,Small
37,72.76,2692.12,10/17/2003 0:00,Shipped,10,2003,Classic Cars,Aaarhus,Denmark,Small
32,75.69,2422.08,11/5/2003 0:00,Shipped,11,2003,Classic Cars,Bridgewater,USA,Small
47,74.22,3488.34,11/12/2003 0:00,Shipped,11,2003,Classic Cars,San Rafael,USA,Medium
37,69.82,2583.34,11/20/2003 0:00,Shipped,11,2003,Classic Cars,Nashua,USA,Small
20,62.47,1249.4,12/2/2003 0:00,Shipped,12,2003,Classic Cars,NYC,USA,Small
41,82.31,3374.71,1/16/2004 0:00,Shipped,1,2004,Classic Cars,Madrid,Spain,Medium
21,60.26,1265.46,2/26/2004 0:00,Shipped,2,2004,Classic Cars,San Diego,USA,Small
22,76.43,1681.46,4/13/2004 0:00,Shipped,4,2004,Classic Cars,Strasbourg,France,Small
40,80.1,3204.0,7/7/2004 0:00,Shipped,7,2004,Classic Cars,NYC,USA,Medium
32,74.96,2398.72,8/9/2004 0:00,Shipped,8,2004,Classic Cars,Madrid,Spain,Small
36,66.14,2381.04,9/1/2004 0:00,Shipped,9,2004,Classic Cars,Singapore,Singapore,Small
27,72.02,1944.54,10/5/2003 0:00,Shipped,10,2003,Classic Cars,Oslo,Norway,Small
26,87.45,2273.7,10/16/2004 0:00,Shipped,10,2004,Classic Cars,Madrid,Spain,Small
30,70.55,2116.5,11/4/2004 0:00,Shipped,11,2004,Classic Cars,New Bedford,USA,Small
23,56.84,1307.32,11/17/2004 0:00,Shipped,11,2004,Classic Cars,Manchester,UK,Small
29,59.53,1726.37,11/25/2004 0:00,Shipped,11,2004,Classic Cars,Marseille,France,Small
21,60.37,1267.77,1/12/2005 0:00,Resolved,1,2005,Classic Cars,Pasadena,USA,Small
34,100.0,3441.82,2/16/2005 0:00,Shipped,2,2005,Classic Cars,Madrid,Spain,Medium
26,76.43,1987.18,4/22/2005 0:00,On Hold,4,2005,Classic Cars,San Jose,USA,Small
60,64.67,3880.2,5/29/2005 0:00,In Process,5,2005,Classic Cars,Chatswood,Australia,Medium
35,55.49,1942.15,1/31/2003 0:00,Shipped,1,2003,Classic Cars,Madrid,Spain,Small
47,69.36,3259.92,4/4/2003 0:00,Shipped,4,2003,Classic Cars,NYC,USA,Medium
20,60.69,1213.8,6/3/2003 0:00,Shipped,6,2003,Classic Cars,NYC,USA,Small
20,54.33,1086.6,8/1/2003 0:00,Shipped,8,2003,Classic Cars,Espoo,Finland,Small
25,65.31,1632.75,9/25/2003 0:00,Shipped,9,2003,Classic Cars,South Brisbane,Australia,Small
25,69.36,1734.0,10/22/2003 0:00,Shipped,10,2003,Classic Cars,Singapore,Singapore,Small
27,68.78,1857.06,11/6/2003 0:00,Shipped,11,2003,Classic Cars,Reggio Emilia,Italy,Small
31,60.11,1863.41,11/14/2003 0:00,Shipped,11,2003,Classic Cars,Sevilla,Spain,Small
44,66.47,2924.68,11/25/2003 0:00,Shipped,11,2003,Classic Cars,White Plains,USA,Small
49,46.82,2294.18,12/9/2003 0:00,Shipped,12,2003,Classic Cars,Boston,USA,Small
26,56.07,1457.82,2/12/2004 0:00,Shipped,2,2004,Classic Cars,Dublin,Ireland,Small
36,54.33,1955.88,3/15/2004 0:00,Shipped,3,2004,Classic Cars,Frankfurt,Germany,Small
44,52.6,2314.4,5/5/2004 0:00,Shipped,5,2004,Classic Cars,Madrid,Spain,Small
28,46.82,1310.96,6/15/2004 0:00,Shipped,6,2004,Classic Cars,Singapore,Singapore,Small
45,64.74,2913.3,7/20/2004 0:00,Shipped,7,2004,Classic Cars,San Rafael,USA,Small
29,46.82,1357.78,8/20/2004 0:00,Shipped,8,2004,Classic Cars,San Rafael,USA,Small
40,53.75,2150.0,9/8/2004 0:00,Shipped,9,2004,Classic Cars,NYC,USA,Small
45,61.85,2783.25,10/13/2004 0:00,Shipped,10,2004,Classic Cars,Cambridge,USA,Small
44,53.18,2339.92,10/22/2004 0:00,Shipped,10,2004,Classic Cars,Aaarhus,Denmark,Small
25,69.16,1729.0,11/5/2004 0:00,Shipped,11,2004,Classic Cars,NYC,USA,Small
45,100.0,5972.4,11/20/2004 0:00,Shipped,11,2004,Classic Cars,Paris,France,Medium
48,47.4,2275.2,12/1/2004 0:00,Shipped,12,2004,Classic Cars,NYC,USA,Small
44,60.76,2673.44,12/10/2004 0:00,Shipped,12,2004,Classic Cars,Madrid,Spain,Small
25,97.27,2431.75,1/23/2005 0:00,Shipped,1,2005,Classic Cars,San Rafael,USA,Small
22,91.76,2018.72,2/22/2005 0:00,Shipped,2,2005,Classic Cars,Madrid,Spain,Small
31,50.29,1558.99,3/15/2005 0:00,Shipped,3,2005,Classic Cars,Madrid,Spain,Small
21,52.6,1104.6,5/3/2005 0:00,Shipped,5,2005,Classic Cars,Madrid,Spain,Small
55,46.82,2575.1,5/31/2005 0:00,In Process,5,2005,Classic Cars,Nantes,France,Small
25,100.0,2845.75,2/24/2003 0:00,Shipped,2,2003,Motorcycles,NYC,USA,Small
35,98.05,3431.75,4/29/2003 0:00,Shipped,4,2003,Motorcycles,Melbourne,Australia,Medium
35,93.54,3273.9,7/1/2003 0:00,Shipped,7,2003,Motorcycles,Paris,France,Medium
43,95.8,4119.4,8/25/2003 0:00,Shipped,8,2003,Motorcycles,Pasadena,USA,Medium
44,100.0,5355.68,10/10/2003 0:00,Shipped,10,2003,Motorcycles,San Francisco,USA,Medium
50,100.0,5747.5,10/28/2003 0:00,Shipped,10,2003,Motorcycles,Burlingame,USA,Medium
48,100.0,5355.36,11/11/2003 0:00,Shipped,11,2003,Motorcycles,Lille,France,Medium
25,100.0,2535.75,11/18/2003 0:00,Shipped,11,2003,Motorcycles,Bergen,Norway,Small
39,100.0,4351.23,12/1/2003 0:00,Shipped,12,2003,Motorcycles,San Francisco,USA,Medium
25,90.16,2254.0,1/15/2004 0:00,Shipped,1,2004,Motorcycles,Paris,France,Small
32,91.29,2921.28,2/20/2004 0:00,Shipped,2,2004,Motorcycles,Melbourne,Australia,Small
20,100.0,2299.0,4/5/2004 0:00,Shipped,4,2004,Motorcycles,NYC,USA,Small
26,100.0,2637.18,5/18/2004 0:00,Shipped,5,2004,Motorcycles,Newark,USA,Small
42,100.0,4307.52,6/28/2004 0:00,Shipped,6,2004,Motorcycles,Bridgewater,USA,Medium
21,100.0,2153.76,7/23/2004 0:00,Shipped,7,2004,Motorcycles,Nantes,France,Small
34,100.0,3716.88,8/27/2004 0:00,Shipped,8,2004,Motorcycles,Cambridge,USA,Medium
47,100.0,5455.76,9/30/2004 0:00,Shipped,9,2004,Motorcycles,Helsinki,Finland,Medium
21,100.0,2650.62,10/15/2004 0:00,Shipped,10,2004,Motorcycles,Stavern,Norway,Small
48,100.0,6437.28,11/2/2004 0:00,Shipped,11,2004,Motorcycles,Allentown,USA,Medium
30,87.78,2633.4,11/15/2004 0:00,Shipped,11,2004,Motorcycles,NYC,USA,Small
27,84.39,2278.53,11/23/2004 0:00,Shipped,11,2004,Motorcycles,Minato-ku,Japan,Small
50,96.92,4846.0,1/5/2005 0:00,Shipped,1,2005,Motorcycles,Burlingame,USA,Medium
38,100.0,4197.1,2/2/2005 0:00,Shipped,2,2005,Motorcycles,South Brisbane,Australia,Medium
45,100.0,4597.65,3/3/2005 0:00,Shipped,3,2005,Motorcycles,Boras,Sweden,Medium
46,100.0,5287.7,4/8/2005 0:00,Shipped,4,2005,Motorcycles,Liverpool,UK,Medium
35,100.0,3550.05,5/13/2005 0:00,Disputed,5,2005,Motorcycles,Madrid,Spain,Medium
29,59.37,1721.73,3/18/2003 0:00,Shipped,3,2003,Classic Cars,Manchester,UK,Small
50,59.87,2993.5,5/20/2003 0:00,Shipped,5,2003,Classic Cars,Nantes,France,Small
26,49.81,1295.06,7/10/2003 0:00,Shipped,7,2003,Classic Cars,Reims,France,Small
47,56.85,2671.95,9/11/2003 0:00,Shipped,9,2003,Classic Cars,North Sydney,Australia,Small
23,53.33,1226.59,10/17/2003 0:00,Shipped,10,2003,Classic Cars,Aaarhus,Denmark,Small
34,42.76,1453.84,11/5/2003 0:00,Shipped,11,2003,Classic Cars,Bridgewater,USA,Small
34,53.83,1830.22,11/12/2003 0:00,Shipped,11,2003,Classic Cars,Bergen,Norway,Small
47,53.83,2530.01,11/20/2003 0:00,Shipped,11,2003,Classic Cars,Nashua,USA,Small
45,49.81,2241.45,12/2/2003 0:00,Shipped,12,2003,Classic Cars,NYC,USA,Small
45,53.33,2399.85,1/16/2004 0:00,Shipped,1,2004,Classic Cars,Madrid,Spain,Small
36,43.27,1557.72,2/26/2004 0:00,Shipped,2,2004,Classic Cars,San Diego,USA,Small
21,40.25,845.25,4/13/2004 0:00,Shipped,4,2004,Classic Cars,Strasbourg,France,Small
28,48.3,1352.4,7/6/2004 0:00,Shipped,7,2004,Classic Cars,Reggio Emilia,Italy,Small
35,45.28,1584.8,8/6/2004 0:00,Shipped,8,2004,Classic Cars,Las Vegas,USA,Small
50,52.32,2616.0,9/1/2004 0:00,Shipped,9,2004,Classic Cars,Singapore,Singapore,Small
22,51.32,1129.04,10/5/2003 0:00,Shipped,10,2003,Classic Cars,Oslo,Norway,Small
45,49.3,2218.5,10/16/2004 0:00,Shipped,10,2004,Classic Cars,Madrid,Spain,Small
48,42.26,2028.48,11/4/2004 0:00,Shipped,11,2004,Classic Cars,New Bedford,USA,Small
20,87.96,1759.2,11/17/2004 0:00,Shipped,11,2004,Classic Cars,Manchester,UK,Small
27,36.21,977.67,11/24/2004 0:00,Shipped,11,2004,Classic Cars,Reims,France,Small
38,38.5,1463.0,1/12/2005 0:00,Resolved,1,2005,Classic Cars,Pasadena,USA,Small
32,100.0,3970.56,2/10/2005 0:00,Shipped,2,2005,Classic Cars,Madrid,Spain,Medium
64,40.25,2576.0,4/22/2005 0:00,On Hold,4,2005,Classic Cars,San Jose,USA,Small
37,60.37,2233.69,5/29/2005 0:00,In Process,5,2005,Classic Cars,Chatswood,Australia,Small
28,88.63,2481.64,2/17/2003 0:00,Shipped,2,2003,Planes,Bergamo,Italy,Small
39,100.0,4651.53,4/29/2003 0:00,Shipped,4,2003,Planes,Melbourne,Australia,Medium
41,94.1,3858.1,6/27/2003 0:00,Shipped,6,2003,Planes,Madrid,Spain,Medium
40,87.54,3501.6,8/25/2003 0:00,Shipped,8,2003,Planes,Pasadena,USA,Medium
49,100.0,6433.7,10/28/2003 0:00,Shipped,10,2003,Planes,Burlingame,USA,Medium
27,98.48,2658.96,1/12/2004 0:00,Shipped,1,2004,Planes,Osaka,Japan,Small
34,100.0,3608.76,2/20/2004 0:00,Shipped,2,2004,Planes,Melbourne,Australia,Medium
23,96.29,2214.67,4/2/2004 0:00,Shipped,4,2004,Planes,Tsawassen,Canada,Small
31,88.63,2747.53,5/11/2004 0:00,Shipped,5,2004,Planes,San Jose,USA,Small
34,97.38,3310.92,6/24/2004 0:00,Cancelled,6,2004,Planes,Madrid,Spain,Medium
25,95.2,2380.0,7/23/2004 0:00,Shipped,7,2004,Planes,Nantes,France,Small
22,100.0,2310.88,8/21/2004 0:00,Shipped,8,2004,Planes,Oslo,Norway,Small
32,100.0,4061.76,9/16/2004 0:00,Shipped,9,2004,Planes,Dublin,Ireland,Medium
31,100.0,3493.7,10/15/2004 0:00,Shipped,10,2004,Planes,White Plains,USA,Medium
25,100.0,2872.25,11/1/2004 0:00,Shipped,11,2004,Planes,Cowes,UK,Small
47,87.54,4114.38,11/12/2004 0:00,Shipped,11,2004,Planes,Bergamo,Italy,Medium
21,50.65,1063.65,11/23/2004 0:00,Shipped,11,2004,Planes,Minato-ku,Japan,Small
28,71.73,2008.44,12/4/2004 0:00,Shipped,12,2004,Planes,Glendale,USA,Small
46,94.1,4328.6,2/2/2005 0:00,Shipped,2,2005,Planes,South Brisbane,Australia,Medium
33,41.71,1376.43,3/1/2005 0:00,Resolved,3,2005,Planes,Madrid,Spain,Small
43,100.0,5552.16,3/30/2005 0:00,Shipped,3,2005,Planes,Reims,France,Medium
38,96.29,3659.02,4/3/2005 0:00,On Hold,4,2005,Planes,Newark,USA,Medium
47,88.63,4165.61,5/10/2005 0:00,Shipped,5,2005,Planes,Reggio Emilia,Italy,Medium
45,31.2,1404.0,1/9/2003 0:00,Shipped,1,2003,Vintage Cars,Frankfurt,Germany,Small
20,35.51,710.2,3/18/2003 0:00,Shipped,3,2003,Vintage Cars,Manchester,UK,Small
45,37.84,1702.8,5/21/2003 0:00,Shipped,5,2003,Vintage Cars,Las Vegas,USA,Small
36,33.19,1194.84,9/12/2003 0:00,Shipped,9,2003,Vintage Cars,Brisbane,USA,Small
37,27.22,1007.14,10/18/2003 0:00,Shipped,10,2003,Vintage Cars,San Francisco,USA,Small
31,31.53,977.43,11/5/2003 0:00,Shipped,11,2003,Vintage Cars,Bergamo,Italy,Small
39,36.84,1436.76,11/12/2003 0:00,Shipped,11,2003,Vintage Cars,San Rafael,USA,Small
26,29.21,759.46,11/21/2003 0:00,Shipped,11,2003,Vintage Cars,Glen Waverly,Australia,Small
32,37.17,1189.44,12/3/2003 0:00,Shipped,12,2003,Vintage Cars,Madrid,Spain,Small
20,34.19,683.8,1/26/2004 0:00,Shipped,1,2004,Vintage Cars,Madrid,Spain,Small
42,29.21,1226.82,3/2/2004 0:00,Shipped,3,2004,Vintage Cars,Lyon,France,Small
33,29.54,974.82,4/26/2004 0:00,Shipped,4,2004,Vintage Cars,Boston,USA,Small
20,28.88,577.6,8/17/2004 0:00,Shipped,8,2004,Vintage Cars,Torino,Italy,Small
29,38.17,1106.93,9/1/2004 0:00,Shipped,9,2004,Vintage Cars,Singapore,Singapore,Small
23,30.2,694.6,10/11/2004 0:00,Shipped,10,2004,Vintage Cars,Versailles,France,Small
39,29.54,1152.06,10/21/2004 0:00,Shipped,10,2004,Vintage Cars,San Rafael,USA,Small
20,100.0,2624.0,11/4/2004 0:00,Shipped,11,2004,Vintage Cars,Nashua,USA,Small
45,81.91,3685.95,11/17/2004 0:00,Shipped,11,2004,Vintage Cars,Manchester,UK,Medium
20,35.18,703.6,11/25/2004 0:00,Shipped,11,2004,Vintage Cars,Marseille,France,Small
48,100.0,9720.0,12/9/2004 0:00,Shipped,12,2004,Vintage Cars,Paris,France,Large
23,36.29,834.67,1/12/2005 0:00,Resolved,1,2005,Vintage Cars,Pasadena,USA,Small
32,70.56,2257.92,2/16/2005 0:00,Shipped,2,2005,Vintage Cars,Madrid,Spain,Small
33,100.0,8344.71,3/9/2005 0:00,Shipped,3,2005,Vintage Cars,North Sydney,Australia,Large
61,29.54,1801.94,4/23/2005 0:00,Shipped,4,2005,Vintage Cars,Singapore,Singapore,Small
45,26.88,1209.6,5/29/2005 0:00,In Process,5,2005,Vintage Cars,Chatswood,Australia,Small
38,83.03,3155.14,2/24/2003 0:00,Shipped,2,2003,Motorcycles,NYC,USA,Medium
34,83.79,2848.86,4/29/2003 0:00,Shipped,4,2003,Motorcycles,Melbourne,Australia,Small
43,83.03,3570.29,7/1/2003 0:00,Shipped,7,2003,Motorcycles,Paris,France,Medium
47,83.03,3902.41,8/25/2003 0:00,Shipped,8,2003,Motorcycles,Pasadena,USA,Medium
22,67.03,1474.66,10/10/2003 0:00,Shipped,10,2003,Motorcycles,Stavern,Norway,Small
29,75.41,2186.89,10/28/2003 0:00,Shipped,10,2003,Motorcycles,Burlingame,USA,Small
28,68.55,1919.4,11/11/2003 0:00,Shipped,11,2003,Motorcycles,Lille,France,Small
40,91.4,3656.0,11/18/2003 0:00,Shipped,11,2003,Motorcycles,Bergen,Norway,Medium
25,73.88,1847.0,12/1/2003 0:00,Shipped,12,2003,Motorcycles,San Francisco,USA,Small
30,61.7,1851.0,1/12/2004 0:00,Shipped,1,2004,Motorcycles,Osaka,Japan,Small
38,69.31,2633.78,2/20/2004 0:00,Shipped,2,2004,Motorcycles,Melbourne,Australia,Small
36,87.6,3153.6,4/3/2004 0:00,Shipped,4,2004,Motorcycles,Philadelphia,USA,Medium
32,87.6,2803.2,5/11/2004 0:00,Shipped,5,2004,Motorcycles,San Jose,USA,Small
37,62.46,2311.02,6/28/2004 0:00,Shipped,6,2004,Motorcycles,Bridgewater,USA,Small
30,79.98,2399.4,7/23/2004 0:00,Shipped,7,2004,Motorcycles,Nantes,France,Small
39,70.08,2733.12,8/27/2004 0:00,Shipped,8,2004,Motorcycles,Cambridge,USA,Small
32,65.51,2096.32,9/16/2004 0:00,Shipped,9,2004,Motorcycles,Dublin,Ireland,Small
47,63.22,2971.34,10/15/2004 0:00,Shipped,10,2004,Motorcycles,White Plains,USA,Small
26,86.83,2257.58,11/2/2004 0:00,Shipped,11,2004,Motorcycles,Allentown,USA,Small
37,94.43,3493.91,11/15/2004 0:00,Shipped,11,2004,Motorcycles,NYC,USA,Medium
55,79.98,4398.9,11/24/2004 0:00,Shipped,11,2004,Motorcycles,Barcelona,Spain,Medium
21,100.0,3595.62,1/6/2005 0:00,Shipped,1,2005,Motorcycles,Espoo,Finland,Medium
23,100.0,2443.29,2/3/2005 0:00,Shipped,2,2005,Motorcycles,Nantes,France,Small
49,81.4,3988.6,3/3/2005 0:00,Shipped,3,2005,Motorcycles,Boras,Sweden,Medium
59,87.6,5168.4,4/7/2005 0:00,Shipped,4,2005,Motorcycles,Paris,France,Medium
32,87.6,2803.2,5/10/2005 0:00,Shipped,5,2005,Motorcycles,Reggio Emilia,Italy,Small
43,100.0,6341.21,2/11/2003 0:00,Shipped,2,2003,Ships,Kobenhavn,Denmark,Medium
41,100.0,5189.78,4/16/2003 0:00,Shipped,4,2003,Ships,Singapore,Singapore,Medium
45,100.0,6027.75,6/12/2003 0:00,Shipped,6,2003,Ships,London,UK,Medium
33,100.0,3366.0,8/8/2003 0:00,Shipped,8,2003,Ships,San Rafael,USA,Medium
40,100.0,5456.4,9/28/2003 0:00,Shipped,9,2003,Ships,Madrid,Spain,Medium
33,100.0,3812.16,10/23/2003 0:00,Cancelled,10,2003,Ships,Boras,Sweden,Medium
50,100.0,6083.0,11/7/2003 0:00,Shipped,11,2003,Ships,Madrid,Spain,Medium
30,100.0,3170.7,11/14/2003 0:00,Shipped,11,2003,Ships,New Bedford,USA,Medium
41,100.0,4534.6,11/26/2003 0:00,Shipped,11,2003,Ships,Barcelona,Spain,Medium
35,100.0,4301.15,1/2/2004 0:00,Shipped,1,2004,Ships,Lyon,France,Medium
49,100.0,6804.63,2/18/2004 0:00,Shipped,2,2004,Ships,Bruxelles,Belgium,Medium
46,100.0,5652.94,3/20/2004 0:00,Shipped,3,2004,Ships,Cowes,UK,Medium
48,100.0,6960.48,5/7/2004 0:00,Cancelled,5,2004,Ships,NYC,USA,Medium
36,100.0,4512.6,6/17/2004 0:00,Shipped,6,2004,Ships,Montreal,Canada,Medium
22,100.0,2784.76,7/21/2004 0:00,Shipped,7,2004,Ships,Bruxelles,Belgium,Small
42,100.0,5316.36,8/20/2004 0:00,Shipped,8,2004,Ships,Tsawassen,Canada,Medium
21,100.0,2941.89,9/9/2004 0:00,Shipped,9,2004,Ships,Torino,Italy,Small
29,100.0,3207.4,10/14/2004 0:00,Shipped,10,2004,Ships,Manchester,UK,Medium
35,100.0,4215.05,10/29/2004 0:00,Shipped,10,2004,Ships,Nantes,France,Medium
41,100.0,4333.29,11/9/2004 0:00,Shipped,11,2004,Ships,Lule,Sweden,Medium
29,71.97,2087.13,11/21/2004 0:00,Shipped,11,2004,Ships,NYC,USA,Small
34,50.33,1711.22,12/2/2004 0:00,Shipped,12,2004,Ships,Madrid,Spain,Small
37,100.0,3910.53,1/26/2005 0:00,Shipped,1,2005,Ships,Minato-ku,Japan,Medium
28,80.54,2255.12,2/23/2005 0:00,Shipped,2,2005,Ships,San Francisco,USA,Small
49,100.0,5720.75,3/23/2005 0:00,Shipped,3,2005,Ships,San Rafael,USA,Medium
23,100.0,3335.23,5/6/2005 0:00,On Hold,5,2005,Ships,Boston,USA,Medium
46,53.76,2472.96,1/9/2003 0:00,Shipped,1,2003,Vintage Cars,Frankfurt,Germany,Small
39,44.35,1729.65,3/18/2003 0:00,Shipped,3,2003,Vintage Cars,Manchester,UK,Small
22,45.25,995.5,5/21/2003 0:00,Shipped,5,2003,Vintage Cars,Las Vegas,USA,Small
49,49.28,2414.72,9/12/2003 0:00,Shipped,9,2003,Vintage Cars,Brisbane,USA,Small
43,36.29,1560.47,10/18/2003 0:00,Shipped,10,2003,Vintage Cars,San Francisco,USA,Small
27,41.22,1112.94,11/5/2003 0:00,Shipped,11,2003,Vintage Cars,Bergamo,Italy,Small
31,36.74,1138.94,11/12/2003 0:00,Shipped,11,2003,Vintage Cars,San Rafael,USA,Small
20,50.62,1012.4,11/21/2003 0:00,Shipped,11,2003,Vintage Cars,Glen Waverly,Australia,Small
24,38.08,913.92,12/3/2003 0:00,Shipped,12,2003,Vintage Cars,Madrid,Spain,Small
49,47.94,2349.06,1/26/2004 0:00,Shipped,1,2004,Vintage Cars,Madrid,Spain,Small
24,48.38,1161.12,3/2/2004 0:00,Shipped,3,2004,Vintage Cars,Lyon,France,Small
39,45.25,1764.75,4/29/2004 0:00,Shipped,4,2004,Vintage Cars,Madrid,Spain,Small
37,45.7,1690.9,6/4/2004 0:00,Shipped,6,2004,Vintage Cars,Strasbourg,France,Small
45,47.49,2137.05,8/17/2004 0:00,Shipped,8,2004,Vintage Cars,Torino,Italy,Small
45,48.38,2177.1,9/3/2004 0:00,Shipped,9,2004,Vintage Cars,Bergen,Norway,Small
44,39.42,1734.48,10/11/2004 0:00,Shipped,10,2004,Vintage Cars,Versailles,France,Small
23,37.63,865.49,10/21/2004 0:00,Shipped,10,2004,Vintage Cars,San Rafael,USA,Small
30,100.0,3500.1,11/4/2004 0:00,Shipped,11,2004,Vintage Cars,Nashua,USA,Medium
26,85.52,2223.52,11/17/2004 0:00,Shipped,11,2004,Vintage Cars,Manchester,UK,Small
43,53.76,2311.68,11/25/2004 0:00,Shipped,11,2004,Vintage Cars,Nantes,France,Small
26,31.86,828.36,12/9/2004 0:00,Shipped,12,2004,Vintage Cars,Paris,France,Small
28,30.59,856.52,1/12/2005 0:00,Resolved,1,2005,Vintage Cars,Pasadena,USA,Small
27,68.35,1845.45,2/16/2005 0:00,Shipped,2,2005,Vintage Cars,Madrid,Spain,Small
24,100.0,4042.08,3/9/2005 0:00,Shipped,3,2005,Vintage Cars,North Sydney,Australia,Medium
40,45.7,1828.0,5/29/2005 0:00,In Process,5,2005,Vintage Cars,San Rafael,USA,Small
36,100.0,3680.28,1/29/2003 0:00,Shipped,1,2003,Trucks and Buses,Stavern,Norway,Medium
21,100.0,2925.09,4/1/2003 0:00,Shipped,4,2003,Trucks and Buses,Paris,France,Small
27,100.0,3415.77,5/28/2003 0:00,Shipped,5,2003,Trucks and Buses,Madrid,Spain,Medium
47,100.0,5105.14,7/24/2003 0:00,Shipped,7,2003,Trucks and Buses,Burlingame,USA,Medium
42,100.0,5098.8,9/21/2003 0:00,Shipped,9,2003,Trucks and Buses,Oulu,Finland,Medium
32,100.0,4661.76,10/22/2003 0:00,Shipped,10,2003,Trucks and Buses,Singapore,Singapore,Medium
28,100.0,2969.96,11/6/2003 0:00,Shipped,11,2003,Trucks and Buses,London,UK,Small
24,100.0,3496.32,11/14/2003 0:00,Shipped,11,2003,Trucks and Buses,Sevilla,Spain,Medium
49,100.0,5760.93,11/25/2003 0:00,Shipped,11,2003,Trucks and Buses,Lyon,France,Medium
46,100.0,6819.04,12/9/2003 0:00,Shipped,12,2003,Trucks and Buses,Boston,USA,Medium
28,100.0,3148.88,2/4/2004 0:00,Shipped,2,2004,Trucks and Buses,Singapore,Singapore,Medium
48,100.0,5704.32,3/11/2004 0:00,Shipped,3,2004,Trucks and Buses,San Rafael,USA,Medium
29,100.0,3520.6,5/5/2004 0:00,Shipped,5,2004,Trucks and Buses,Madrid,Spain,Medium
47,100.0,5285.62,6/15/2004 0:00,Shipped,6,2004,Trucks and Buses,Singapore,Singapore,Medium
43,100.0,5605.05,7/20/2004 0:00,Shipped,7,2004,Trucks and Buses,San Rafael,USA,Medium
25,100.0,2779.5,8/19/2004 0:00,Shipped,8,2004,Trucks and Buses,Allentown,USA,Small
48,100.0,5398.08,9/8/2004 0:00,Shipped,9,2004,Trucks and Buses,Boras,Sweden,Medium
24,100.0,3189.6,10/13/2004 0:00,Shipped,10,2004,Trucks and Buses,Cambridge,USA,Medium
42,100.0,5581.8,10/22/2004 0:00,Shipped,10,2004,Trucks and Buses,Vancouver,Canada,Medium
31,100.0,3820.44,11/5/2004 0:00,Shipped,11,2004,Trucks and Buses,NYC,USA,Medium
42,100.0,5528.04,11/19/2004 0:00,On Hold,11,2004,Trucks and Buses,Lule,Sweden,Medium
37,100.0,5981.42,11/1/2004 0:00,Shipped,11,2004,Trucks and Buses,Madrid,Spain,Medium
41,100.0,5684.65,12/10/2004 0:00,Shipped,12,2004,Trucks and Buses,Madrid,Spain,Medium
20,100.0,3449.4,1/23/2005 0:00,Shipped,1,2005,Trucks and Buses,San Rafael,USA,Medium
20,100.0,2654.4,2/17/2005 0:00,Shipped,2,2005,Trucks and Buses,San Rafael,USA,Small
70,100.0,8498.0,5/3/2005 0:00,Shipped,5,2005,Trucks and Buses,Madrid,Spain,Large
49,100.0,5510.54,5/31/2005 0:00,In Process,5,2005,Trucks and Buses,Nantes,France,Medium
35,58.87,2060.45,3/3/2003 0:00,Shipped,3,2003,Motorcycles,Makati City,Philippines,Small
32,76.88,2460.16,5/7/2003 0:00,Shipped,5,2003,Motorcycles,Reims,France,Small
29,61.64,1787.56,7/2/2003 0:00,Shipped,7,2003,Motorcycles,San Rafael,USA,Small
27,60.95,1645.65,8/25/2003 0:00,Shipped,8,2003,Motorcycles,Pasadena,USA,Small
27,80.34,2169.18,10/10/2003 0:00,Shipped,10,2003,Motorcycles,San Francisco,USA,Small
38,74.11,2816.18,11/4/2003 0:00,Shipped,11,2003,Motorcycles,North Sydney,Australia,Small
35,72.03,2521.05,11/11/2003 0:00,Shipped,11,2003,Motorcycles,Lille,France,Small
42,76.19,3199.98,11/19/2003 0:00,Shipped,11,2003,Motorcycles,Madrid,Spain,Medium
21,63.72,1338.12,1/15/2004 0:00,Shipped,1,2004,Motorcycles,Paris,France,Small
37,80.34,2972.58,2/21/2004 0:00,Shipped,2,2004,Motorcycles,Lille,France,Small
26,79.65,2070.9,4/5/2004 0:00,Shipped,4,2004,Motorcycles,NYC,USA,Small
47,65.8,3092.6,5/26/2004 0:00,Shipped,5,2004,Motorcycles,Paris,France,Medium
37,65.1,2408.7,6/30/2004 0:00,Shipped,6,2004,Motorcycles,Boston,USA,Small
46,75.49,3472.54,8/2/2004 0:00,Shipped,8,2004,Motorcycles,Brickhaven,USA,Medium
38,59.56,2263.28,8/27/2004 0:00,Shipped,8,2004,Motorcycles,Cambridge,USA,Small
33,66.49,2194.17,9/30/2004 0:00,Shipped,9,2004,Motorcycles,Helsinki,Finland,Small
24,56.1,1346.4,10/15/2004 0:00,Shipped,10,2004,Motorcycles,Stavern,Norway,Small
31,81.73,2533.63,11/3/2004 0:00,Shipped,11,2004,Motorcycles,NYC,USA,Small
42,81.03,3403.26,11/16/2004 0:00,Shipped,11,2004,Motorcycles,Makati City,Philippines,Medium
32,100.0,3307.2,11/24/2004 0:00,Shipped,11,2004,Motorcycles,Salzburg,Austria,Medium
41,70.65,2896.65,12/7/2004 0:00,Shipped,12,2004,Motorcycles,Madrid,Spain,Small
43,61.23,2632.89,1/6/2005 0:00,Shipped,1,2005,Motorcycles,Espoo,Finland,Small
20,100.0,2046.0,2/3/2005 0:00,Shipped,2,2005,Motorcycles,Nantes,France,Small
35,65.13,2279.55,3/4/2005 0:00,Shipped,3,2005,Motorcycles,San Rafael,USA,Small
27,79.65,2150.55,4/8/2005 0:00,Shipped,4,2005,Motorcycles,Liverpool,UK,Small
43,78.15,3360.45,3/18/2003 0:00,Shipped,3,2003,Classic Cars,Manchester,UK,Medium
32,72.7,2326.4,5/21/2003 0:00,Shipped,5,2003,Classic Cars,Las Vegas,USA,Small
21,73.6,1545.6,9/11/2003 0:00,Shipped,9,2003,Classic Cars,North Sydney,Australia,Small
20,100.0,2144.6,10/17/2003 0:00,Shipped,10,2003,Classic Cars,Aaarhus,Denmark,Small
22,74.51,1639.22,11/5/2003 0:00,Shipped,11,2003,Classic Cars,Bridgewater,USA,Small
36,73.6,2649.6,11/12/2003 0:00,Shipped,11,2003,Classic Cars,San Rafael,USA,Small
46,83.6,3845.6,11/20/2003 0:00,Shipped,11,2003,Classic Cars,Nashua,USA,Medium
47,96.32,4527.04,12/2/2003 0:00,Shipped,12,2003,Classic Cars,NYC,USA,Medium
45,88.14,3966.3,1/16/2004 0:00,Shipped,1,2004,Classic Cars,Madrid,Spain,Medium
47,88.14,4142.58,3/2/2004 0:00,Shipped,3,2004,Classic Cars,Lyon,France,Medium
47,94.5,4441.5,4/13/2004 0:00,Shipped,4,2004,Classic Cars,Strasbourg,France,Medium
38,87.24,3315.12,7/7/2004 0:00,Shipped,7,2004,Classic Cars,NYC,USA,Medium
49,79.97,3918.53,8/9/2004 0:00,Shipped,8,2004,Classic Cars,Madrid,Spain,Medium
35,80.87,2830.45,9/1/2004 0:00,Shipped,9,2004,Classic Cars,Singapore,Singapore,Small
49,100.0,5298.86,10/6/2003 0:00,Shipped,10,2003,Classic Cars,Liverpool,UK,Medium
28,93.6,2620.8,10/16/2004 0:00,Shipped,10,2004,Classic Cars,Madrid,Spain,Small
30,72.7,2181.0,11/4/2004 0:00,Shipped,11,2004,Classic Cars,New Bedford,USA,Small
39,86.72,3382.08,11/17/2004 0:00,Shipped,11,2004,Classic Cars,Manchester,UK,Medium
25,100.0,2876.75,11/29/2004 0:00,Shipped,11,2004,Classic Cars,Las Vegas,USA,Small
40,100.0,4107.2,1/19/2005 0:00,Shipped,1,2005,Classic Cars,San Rafael,USA,Medium
36,37.5,1350.0,2/16/2005 0:00,Shipped,2,2005,Classic Cars,Madrid,Spain,Small
76,94.5,7182.0,4/22/2005 0:00,On Hold,4,2005,Classic Cars,San Jose,USA,Large
39,100.0,3933.93,5/29/2005 0:00,In Process,5,2005,Classic Cars,Chatswood,Australia,Medium
44,39.6,1742.4,1/31/2003 0:00,Shipped,1,2003,Classic Cars,Madrid,Spain,Small
24,30.06,721.44,4/1/2003 0:00,Shipped,4,2003,Classic Cars,Paris,France,Small
39,38.19,1489.41,6/3/2003 0:00,Shipped,6,2003,Classic Cars,NYC,USA,Small
21,42.43,891.03,8/1/2003 0:00,Shipped,8,2003,Classic Cars,Espoo,Finland,Small
30,40.31,1209.3,9/21/2003 0:00,Shipped,9,2003,Classic Cars,Oulu,Finland,Small
27,31.82,859.14,10/22/2003 0:00,Shipped,10,2003,Classic Cars,Singapore,Singapore,Small
37,31.12,1151.44,11/6/2003 0:00,Shipped,11,2003,Classic Cars,London,UK,Small
42,31.82,1336.44,11/14/2003 0:00,Shipped,11,2003,Classic Cars,Sevilla,Spain,Small
32,28.29,905.28,11/25/2003 0:00,Shipped,11,2003,Classic Cars,White Plains,USA,Small
42,29.7,1247.4,12/9/2003 0:00,Shipped,12,2003,Classic Cars,Boston,USA,Small
21,40.31,846.51,2/10/2004 0:00,Shipped,2,2004,Classic Cars,Brisbane,USA,Small
33,32.88,1085.04,3/11/2004 0:00,Shipped,3,2004,Classic Cars,San Rafael,USA,Small
49,36.07,1767.43,5/5/2004 0:00,Shipped,5,2004,Classic Cars,Madrid,Spain,Small
31,33.24,1030.44,6/15/2004 0:00,Shipped,6,2004,Classic Cars,Singapore,Singapore,Small
38,41.72,1585.36,7/20/2004 0:00,Shipped,7,2004,Classic Cars,San Rafael,USA,Small
20,40.66,813.2,8/19/2004 0:00,Shipped,8,2004,Classic Cars,Allentown,USA,Small
39,30.06,1172.34,9/8/2004 0:00,Shipped,9,2004,Classic Cars,NYC,USA,Small
48,31.47,1510.56,10/13/2004 0:00,Shipped,10,2004,Classic Cars,Cambridge,USA,Small
39,37.13,1448.07,10/22/2004 0:00,Shipped,10,2004,Classic Cars,Aaarhus,Denmark,Small
30,100.0,3338.1,11/5/2004 0:00,Shipped,11,2004,Classic Cars,NYC,USA,Medium
33,37.13,1225.29,11/19/2004 0:00,Shipped,11,2004,Classic Cars,San Rafael,USA,Small
36,37.13,1336.68,12/1/2004 0:00,Shipped,12,2004,Classic Cars,NYC,USA,Small
36,82.94,2985.84,12/10/2004 0:00,Shipped,12,2004,Classic Cars,Madrid,Spain,Small
45,100.0,5545.8,1/23/2005 0:00,Shipped,1,2005,Classic Cars,San Rafael,USA,Medium
40,100.0,6089.6,2/22/2005 0:00,Shipped,2,2005,Classic Cars,Madrid,Spain,Medium
46,38.9,1789.4,3/15/2005 0:00,Shipped,3,2005,Classic Cars,Madrid,Spain,Small
30,36.07,1082.1,5/3/2005 0:00,Shipped,5,2005,Classic Cars,Madrid,Spain,Small
31,33.24,1030.44,5/31/2005 0:00,In Process,5,2005,Classic Cars,Nantes,France,Small
49,74.68,3659.32,2/17/2003 0:00,Shipped,2,2003,Planes,Bergamo,Italy,Medium
41,59.6,2443.6,4/28/2003 0:00,Shipped,4,2003,Planes,Salzburg,Austria,Small
35,67.14,2349.9,6/16/2003 0:00,Shipped,6,2003,Planes,Glendale,USA,Small
27,60.97,1646.19,8/10/2003 0:00,Shipped,8,2003,Planes,New Bedford,USA,Small
23,72.62,1670.26,10/6/2003 0:00,Shipped,10,2003,Planes,Helsinki,Finland,Small
21,69.88,1467.48,10/23/2003 0:00,Cancelled,10,2003,Planes,Boras,Sweden,Small
34,80.84,2748.56,11/8/2003 0:00,Shipped,11,2003,Planes,Toulouse,France,Small
22,69.2,1522.4,11/14/2003 0:00,Shipped,11,2003,Planes,London,UK,Small
48,67.82,3255.36,11/27/2003 0:00,Shipped,11,2003,Planes,Makati City,Philippines,Medium
43,82.21,3535.03,1/9/2004 0:00,Shipped,1,2004,Planes,Los Angeles,USA,Medium
32,81.53,2608.96,2/19/2004 0:00,Shipped,2,2004,Planes,San Diego,USA,Small
20,67.82,1356.4,5/8/2004 0:00,Shipped,5,2004,Planes,Cambridge,USA,Small
24,67.14,1611.36,6/24/2004 0:00,Cancelled,6,2004,Planes,Madrid,Spain,Small
40,65.08,2603.2,7/21/2004 0:00,Shipped,7,2004,Planes,Brickhaven,USA,Small
30,73.99,2219.7,8/21/2004 0:00,Shipped,8,2004,Planes,Oslo,Norway,Small
21,71.25,1496.25,9/15/2004 0:00,Shipped,9,2004,Planes,Munich,Germany,Small
25,75.36,1884.0,10/14/2004 0:00,Shipped,10,2004,Planes,Philadelphia,USA,Small
34,63.71,2166.14,11/1/2004 0:00,Shipped,11,2004,Planes,Cowes,UK,Small
48,58.92,2828.16,11/12/2004 0:00,Shipped,11,2004,Planes,Bergamo,Italy,Small
55,100.0,6214.45,11/23/2004 0:00,Shipped,11,2004,Planes,Minato-ku,Japan,Medium
25,74.68,1867.0,12/3/2004 0:00,Shipped,12,2004,Planes,London,UK,Small
38,70.44,2676.72,1/31/2005 0:00,Shipped,1,2005,Planes,Oulu,Finland,Small
39,55.96,2182.44,3/1/2005 0:00,Resolved,3,2005,Planes,Madrid,Spain,Small
28,57.55,1611.4,3/30/2005 0:00,Shipped,3,2005,Planes,Reims,France,Small
24,61.66,1479.84,4/1/2005 0:00,Shipped,4,2005,Planes,San Jose,USA,Small
21,67.82,1424.22,5/9/2005 0:00,Disputed,5,2005,Planes,Glen Waverly,Australia,Small
46,100.0,5942.28,3/18/2003 0:00,Shipped,3,2003,Classic Cars,Manchester,UK,Medium
25,93.95,2348.75,5/21/2003 0:00,Shipped,5,2003,Classic Cars,Las Vegas,USA,Small
34,100.0,4392.12,9/11/2003 0:00,Shipped,9,2003,Classic Cars,North Sydney,Australia,Medium
25,100.0,2759.75,10/17/2003 0:00,Shipped,10,2003,Classic Cars,Aaarhus,Denmark,Small
23,100.0,2728.03,11/5/2003 0:00,Shipped,11,2003,Classic Cars,Bergamo,Italy,Small
20,100.0,2395.8,11/12/2003 0:00,Shipped,11,2003,Classic Cars,San Rafael,USA,Small
23,100.0,3052.33,11/20/2003 0:00,Shipped,11,2003,Classic Cars,Nashua,USA,Medium
42,100.0,4242.0,12/2/2003 0:00,Shipped,12,2003,Classic Cars,NYC,USA,Medium
27,100.0,2790.45,1/22/2004 0:00,Shipped,1,2004,Classic Cars,London,UK,Small
33,100.0,4340.49,3/2/2004 0:00,Shipped,3,2004,Classic Cars,Lyon,France,Medium
28,98.65,2762.2,4/13/2004 0:00,Shipped,4,2004,Classic Cars,Strasbourg,France,Small
43,100.0,4645.72,7/7/2004 0:00,Shipped,7,2004,Classic Cars,NYC,USA,Medium
48,100.0,5580.96,8/9/2004 0:00,Shipped,8,2004,Classic Cars,Madrid,Spain,Medium
48,100.0,6539.04,9/1/2004 0:00,Shipped,9,2004,Classic Cars,Singapore,Singapore,Medium
45,100.0,5548.95,10/6/2003 0:00,Shipped,10,2003,Classic Cars,Liverpool,UK,Medium
43,100.0,4595.41,10/16/2004 0:00,Shipped,10,2004,Classic Cars,Madrid,Spain,Medium
44,42.26,1859.44,11/17/2004 0:00,Shipped,11,2004,Classic Cars,Manchester,UK,Small
24,87.24,2093.76,11/29/2004 0:00,Shipped,11,2004,Classic Cars,Las Vegas,USA,Small
31,100.0,4223.13,1/19/2005 0:00,Shipped,1,2005,Classic Cars,San Rafael,USA,Medium
44,36.29,1596.76,2/16/2005 0:00,Shipped,2,2005,Classic Cars,Madrid,Spain,Small
59,98.65,5820.35,4/22/2005 0:00,On Hold,4,2005,Classic Cars,San Jose,USA,Medium
55,96.3,5296.5,5/29/2005 0:00,In Process,5,2005,Classic Cars,Chatswood,Australia,Medium
29,32.1,930.9,3/10/2003 0:00,Shipped,3,2003,Classic Cars,Philadelphia,USA,Small
39,30.96,1207.44,5/8/2003 0:00,Shipped,5,2003,Classic Cars,Marseille,France,Small
20,35.87,717.4,7/2/2003 0:00,Shipped,7,2003,Classic Cars,San Rafael,USA,Small
25,42.67,1066.75,9/5/2003 0:00,Shipped,9,2003,Classic Cars,Brickhaven,USA,Small
42,37.0,1554.0,10/11/2003 0:00,Shipped,10,2003,Classic Cars,Los Angeles,USA,Small
36,35.49,1277.64,11/5/2003 0:00,Shipped,11,2003,Classic Cars,Montreal,Canada,Small
37,42.67,1578.79,11/12/2003 0:00,Shipped,11,2003,Classic Cars,Bergen,Norway,Small
30,30.59,917.7,11/20/2003 0:00,Shipped,11,2003,Classic Cars,Nashua,USA,Small
21,37.0,777.0,12/2/2003 0:00,Shipped,12,2003,Classic Cars,Madrid,Spain,Small
34,43.42,1476.28,1/16/2004 0:00,Shipped,1,2004,Classic Cars,Madrid,Spain,Small
42,36.63,1538.46,2/22/2004 0:00,Shipped,2,2004,Classic Cars,Gensve,Switzerland,Small
20,44.56,891.2,4/12/2004 0:00,Shipped,4,2004,Classic Cars,Oulu,Finland,Small
40,42.67,1706.8,6/1/2004 0:00,Cancelled,6,2004,Classic Cars,Liverpool,UK,Small
34,40.4,1373.6,7/6/2004 0:00,Shipped,7,2004,Classic Cars,Reggio Emilia,Italy,Small
31,38.89,1205.59,8/6/2004 0:00,Shipped,8,2004,Classic Cars,Las Vegas,USA,Small
36,39.65,1427.4,8/30/2004 0:00,Shipped,8,2004,Classic Cars,Gensve,Switzerland,Small
48,34.36,1649.28,10/5/2003 0:00,Shipped,10,2003,Classic Cars,Oslo,Norway,Small
33,41.91,1383.03,10/16/2004 0:00,Shipped,10,2004,Classic Cars,Koln,Germany,Small
37,33.23,1229.51,11/4/2004 0:00,Shipped,11,2004,Classic Cars,New Bedford,USA,Small
27,42.24,1140.48,11/17/2004 0:00,Shipped,11,2004,Classic Cars,Philadelphia,USA,Small
39,40.4,1575.6,11/24/2004 0:00,Shipped,11,2004,Classic Cars,Melbourne,Australia,Small
36,38.52,1386.72,12/7/2004 0:00,Shipped,12,2004,Classic Cars,Madrid,Spain,Small
36,100.0,5018.4,1/12/2005 0:00,Resolved,1,2005,Classic Cars,Pasadena,USA,Medium
41,100.0,5856.85,2/10/2005 0:00,Shipped,2,2005,Classic Cars,Madrid,Spain,Medium
37,100.0,4894.73,3/4/2005 0:00,Shipped,3,2005,Classic Cars,San Rafael,USA,Medium
47,44.56,2094.32,4/14/2005 0:00,Shipped,4,2005,Classic Cars,Strasbourg,France,Small
15,42.67,640.05,5/17/2005 0:00,Shipped,5,2005,Classic Cars,Salzburg,Austria,Small
44,72.58,3193.52,2/11/2003 0:00,Shipped,2,2003,Vintage Cars,Kobenhavn,Denmark,Medium
35,87.62,3066.7,4/28/2003 0:00,Shipped,4,2003,Vintage Cars,Salzburg,Austria,Medium
41,94.71,3883.11,6/12/2003 0:00,Shipped,6,2003,Vintage Cars,London,UK,Medium
49,98.25,4814.25,8/8/2003 0:00,Shipped,8,2003,Vintage Cars,San Rafael,USA,Medium
31,91.17,2826.27,10/2/2003 0:00,Shipped,10,2003,Vintage Cars,Glendale,USA,Small
20,79.66,1593.2,10/23/2003 0:00,Cancelled,10,2003,Vintage Cars,Boras,Sweden,Small
45,72.58,3266.1,11/7/2003 0:00,Shipped,11,2003,Vintage Cars,Madrid,Spain,Medium
33,74.35,2453.55,11/14/2003 0:00,Shipped,11,2003,Vintage Cars,New Bedford,USA,Small
47,83.2,3910.4,11/26/2003 0:00,Shipped,11,2003,Vintage Cars,Barcelona,Spain,Medium
20,89.4,1788.0,1/2/2004 0:00,Shipped,1,2004,Vintage Cars,Lyon,France,Small
47,70.81,3328.07,2/19/2004 0:00,Shipped,2,2004,Vintage Cars,San Diego,USA,Medium
40,94.71,3788.4,3/29/2004 0:00,Shipped,3,2004,Vintage Cars,Newark,USA,Medium
30,100.0,3053.7,5/7/2004 0:00,Cancelled,5,2004,Vintage Cars,NYC,USA,Medium
22,91.17,2005.74,6/17/2004 0:00,Shipped,6,2004,Vintage Cars,Montreal,Canada,Small
27,100.0,2796.12,7/21/2004 0:00,Shipped,7,2004,Vintage Cars,Bruxelles,Belgium,Small
34,92.94,3159.96,8/20/2004 0:00,Shipped,8,2004,Vintage Cars,Tsawassen,Canada,Medium
46,84.97,3908.62,9/10/2004 0:00,Shipped,9,2004,Vintage Cars,Boston,USA,Medium
31,84.08,2606.48,10/14/2004 0:00,Shipped,10,2004,Vintage Cars,Manchester,UK,Small
24,86.74,2081.76,10/29/2004 0:00,Shipped,10,2004,Vintage Cars,Nantes,France,Small
41,85.85,3519.85,11/9/2004 0:00,Shipped,11,2004,Vintage Cars,Lule,Sweden,Medium
55,100.0,10758.0,11/23/2004 0:00,Shipped,11,2004,Vintage Cars,Minato-ku,Japan,Large
30,100.0,3021.0,12/2/2004 0:00,Shipped,12,2004,Vintage Cars,Madrid,Spain,Medium
33,57.32,1891.56,1/31/2005 0:00,Shipped,1,2005,Vintage Cars,Oulu,Finland,Small
43,97.87,4208.41,2/23/2005 0:00,Shipped,2,2005,Vintage Cars,San Francisco,USA,Medium
27,83.2,2246.4,3/23/2005 0:00,Shipped,3,2005,Vintage Cars,San Rafael,USA,Small
60,100.0,6107.4,5/6/2005 0:00,On Hold,5,2005,Vintage Cars,Boston,USA,Medium
27,73.62,1987.74,3/18/2003 0:00,Shipped,3,2003,Classic Cars,Manchester,UK,Small
49,83.04,4068.96,5/21/2003 0:00,Shipped,5,2003,Classic Cars,Las Vegas,USA,Medium
31,73.62,2282.22,9/11/2003 0:00,Shipped,9,2003,Classic Cars,North Sydney,Australia,Small
20,77.05,1541.0,10/17/2003 0:00,Shipped,10,2003,Classic Cars,Aaarhus,Denmark,Small
24,81.33,1951.92,11/5/2003 0:00,Shipped,11,2003,Classic Cars,Bridgewater,USA,Small
33,94.17,3107.61,11/12/2003 0:00,Shipped,11,2003,Classic Cars,San Rafael,USA,Medium
32,72.77,2328.64,11/20/2003 0:00,Shipped,11,2003,Classic Cars,Nashua,USA,Small
40,79.62,3184.8,12/2/2003 0:00,Shipped,12,2003,Classic Cars,NYC,USA,Medium
27,79.62,2149.74,1/16/2004 0:00,Shipped,1,2004,Classic Cars,Madrid,Spain,Small
40,79.62,3184.8,3/2/2004 0:00,Shipped,3,2004,Classic Cars,Lyon,France,Medium
26,81.33,2114.58,4/13/2004 0:00,Shipped,4,2004,Classic Cars,Strasbourg,France,Small
44,96.74,4256.56,7/7/2004 0:00,Shipped,7,2004,Classic Cars,NYC,USA,Medium
33,71.06,2344.98,8/9/2004 0:00,Shipped,8,2004,Classic Cars,Madrid,Spain,Small
34,68.49,2328.66,9/1/2004 0:00,Shipped,9,2004,Classic Cars,Singapore,Singapore,Small
48,74.48,3575.04,10/6/2003 0:00,Shipped,10,2003,Classic Cars,Liverpool,UK,Medium
25,83.04,2076.0,10/16/2004 0:00,Shipped,10,2004,Classic Cars,Madrid,Spain,Small
39,84.75,3305.25,11/4/2004 0:00,Shipped,11,2004,Classic Cars,New Bedford,USA,Medium
45,34.19,1538.55,11/17/2004 0:00,Shipped,11,2004,Classic Cars,Manchester,UK,Small
24,100.0,3325.92,11/29/2004 0:00,Shipped,11,2004,Classic Cars,Las Vegas,USA,Medium
46,79.62,3662.52,1/19/2005 0:00,Shipped,1,2005,Classic Cars,San Rafael,USA,Medium
44,79.06,3478.64,2/16/2005 0:00,Shipped,2,2005,Classic Cars,Madrid,Spain,Medium
13,81.33,1057.29,4/22/2005 0:00,On Hold,4,2005,Classic Cars,San Jose,USA,Small
35,96.74,3385.9,5/29/2005 0:00,In Process,5,2005,Classic Cars,Chatswood,Australia,Medium
30,63.07,1892.1,3/3/2003 0:00,Shipped,3,2003,Classic Cars,Makati City,Philippines,Small
34,50.21,1707.14,5/8/2003 0:00,Shipped,5,2003,Classic Cars,Marseille,France,Small
27,66.13,1785.51,7/2/2003 0:00,Shipped,7,2003,Classic Cars,San Rafael,USA,Small
30,68.58,2057.4,9/5/2003 0:00,Shipped,9,2003,Classic Cars,Brickhaven,USA,Small
50,69.8,3490.0,10/10/2003 0:00,Shipped,10,2003,Classic Cars,San Francisco,USA,Medium
34,50.21,1707.14,11/4/2003 0:00,Shipped,11,2003,Classic Cars,North Sydney,Australia,Small
23,65.52,1506.96,11/12/2003 0:00,Shipped,11,2003,Classic Cars,Bergen,Norway,Small
48,60.01,2880.48,11/20/2003 0:00,Shipped,11,2003,Classic Cars,Koln,Germany,Small
34,64.9,2206.6,12/2/2003 0:00,Shipped,12,2003,Classic Cars,Madrid,Spain,Small
48,48.98,2351.04,1/15/2004 0:00,Shipped,1,2004,Classic Cars,Paris,France,Small
24,50.21,1205.04,2/22/2004 0:00,Shipped,2,2004,Classic Cars,Gensve,Switzerland,Small
47,62.45,2935.15,4/9/2004 0:00,Shipped,4,2004,Classic Cars,Kobenhavn,Denmark,Small
24,52.66,1263.84,6/1/2004 0:00,Cancelled,6,2004,Classic Cars,Liverpool,UK,Small
47,62.45,2935.15,7/6/2004 0:00,Shipped,7,2004,Classic Cars,Reggio Emilia,Italy,Small
20,61.23,1224.6,8/2/2004 0:00,Shipped,8,2004,Classic Cars,Brickhaven,USA,Small
20,67.97,1359.4,8/30/2004 0:00,Shipped,8,2004,Classic Cars,Gensve,Switzerland,Small
31,58.78,1822.18,10/4/2003 0:00,Shipped,10,2003,Classic Cars,Frankfurt,Germany,Small
38,56.94,2163.72,10/16/2004 0:00,Shipped,10,2004,Classic Cars,Koln,Germany,Small
26,61.23,1591.98,11/3/2004 0:00,Shipped,11,2004,Classic Cars,Lule,Sweden,Small
25,100.0,3078.5,11/17/2004 0:00,Shipped,11,2004,Classic Cars,Philadelphia,USA,Medium
48,62.45,2997.6,11/24/2004 0:00,Shipped,11,2004,Classic Cars,Melbourne,Australia,Small
44,62.45,2747.8,12/7/2004 0:00,Shipped,12,2004,Classic Cars,Madrid,Spain,Small
21,100.0,2447.76,1/6/2005 0:00,Shipped,1,2005,Classic Cars,Espoo,Finland,Small
46,41.54,1910.84,2/10/2005 0:00,Shipped,2,2005,Classic Cars,Madrid,Spain,Small
46,52.84,2430.64,3/4/2005 0:00,Shipped,3,2005,Classic Cars,San Rafael,USA,Small
55,52.66,2896.3,5/17/2005 0:00,Shipped,5,2005,Classic Cars,Salzburg,Austria,Small
31,52.6,1630.6,2/17/2003 0:00,Shipped,2,2003,Vintage Cars,Bergamo,Italy,Small
20,72.98,1459.6,4/28/2003 0:00,Shipped,4,2003,Vintage Cars,Salzburg,Austria,Small
29,59.18,1716.22,6/16/2003 0:00,Shipped,6,2003,Vintage Cars,Glendale,USA,Small
33,77.59,2560.47,8/10/2003 0:00,Shipped,8,2003,Vintage Cars,New Bedford,USA,Small
34,55.89,1900.26,10/6/2003 0:00,Shipped,10,2003,Vintage Cars,Helsinki,Finland,Small
32,63.12,2019.84,10/23/2003 0:00,Cancelled,10,2003,Vintage Cars,Boras,Sweden,Small
27,73.64,1988.28,11/8/2003 0:00,Shipped,11,2003,Vintage Cars,Toulouse,France,Small
21,69.04,1449.84,11/14/2003 0:00,Shipped,11,2003,Vintage Cars,London,UK,Small
27,71.67,1935.09,11/27/2003 0:00,Shipped,11,2003,Vintage Cars,Makati City,Philippines,Small
36,77.59,2793.24,1/9/2004 0:00,Shipped,1,2004,Vintage Cars,Los Angeles,USA,Small
43,70.35,3025.05,2/19/2004 0:00,Shipped,2,2004,Vintage Cars,San Diego,USA,Medium
25,69.7,1742.5,5/8/2004 0:00,Shipped,5,2004,Vintage Cars,Cambridge,USA,Small
46,70.35,3236.1,6/24/2004 0:00,Cancelled,6,2004,Vintage Cars,Madrid,Spain,Medium
24,72.33,1735.92,7/21/2004 0:00,Shipped,7,2004,Vintage Cars,Brickhaven,USA,Small
39,71.67,2795.13,8/21/2004 0:00,Shipped,8,2004,Vintage Cars,Oslo,Norway,Small
31,53.92,1671.52,9/15/2004 0:00,Shipped,9,2004,Vintage Cars,Munich,Germany,Small
22,71.67,1576.74,10/14/2004 0:00,Shipped,10,2004,Vintage Cars,Philadelphia,USA,Small
47,76.93,3615.71,11/1/2004 0:00,Shipped,11,2004,Vintage Cars,Cowes,UK,Medium
20,72.98,1459.6,11/12/2004 0:00,Shipped,11,2004,Vintage Cars,Bergamo,Italy,Small
29,99.69,2891.01,11/23/2004 0:00,Shipped,11,2004,Vintage Cars,Minato-ku,Japan,Small
38,68.38,2598.44,12/3/2004 0:00,Shipped,12,2004,Vintage Cars,London,UK,Small
34,100.0,3871.92,12/17/2004 0:00,Shipped,12,2004,Vintage Cars,Chatswood,Australia,Medium
46,66.0,3036.0,1/31/2005 0:00,Shipped,1,2005,Vintage Cars,Oulu,Finland,Medium
35,63.76,2231.6,3/1/2005 0:00,Resolved,3,2005,Vintage Cars,Madrid,Spain,Small
34,71.67,2436.78,3/30/2005 0:00,Shipped,3,2005,Vintage Cars,Reims,France,Small
38,57.2,2173.6,4/1/2005 0:00,Shipped,4,2005,Vintage Cars,San Jose,USA,Small
18,69.7,1254.6,5/9/2005 0:00,Disputed,5,2005,Vintage Cars,Glen Waverly,Australia,Small
37,100.0,3724.42,3/18/2003 0:00,Shipped,3,2003,Classic Cars,Manchester,UK,Medium
43,100.0,5203.0,5/21/2003 0:00,Shipped,5,2003,Classic Cars,Las Vegas,USA,Medium
27,100.0,3469.5,9/11/2003 0:00,Shipped,9,2003,Classic Cars,North Sydney,Australia,Medium
30,100.0,3148.2,10/17/2003 0:00,Shipped,10,2003,Classic Cars,Aaarhus,Denmark,Medium
22,98.51,2167.22,11/5/2003 0:00,Shipped,11,2003,Classic Cars,Bridgewater,USA,Small
49,100.0,6244.07,11/12/2003 0:00,Shipped,11,2003,Classic Cars,San Rafael,USA,Medium
46,100.0,5566.0,11/20/2003 0:00,Shipped,11,2003,Classic Cars,Nashua,USA,Medium
48,91.02,4368.96,12/2/2003 0:00,Shipped,12,2003,Classic Cars,NYC,USA,Medium
46,87.81,4039.26,1/16/2004 0:00,Shipped,1,2004,Classic Cars,Madrid,Spain,Medium
48,92.09,4420.32,2/26/2004 0:00,Shipped,2,2004,Classic Cars,San Diego,USA,Medium
27,86.73,2341.71,4/13/2004 0:00,Shipped,4,2004,Classic Cars,Strasbourg,France,Small
43,100.0,5110.98,7/7/2004 0:00,Shipped,7,2004,Classic Cars,NYC,USA,Medium
48,100.0,6168.0,8/9/2004 0:00,Shipped,8,2004,Classic Cars,Madrid,Spain,Medium
41,100.0,4873.26,9/1/2004 0:00,Shipped,9,2004,Classic Cars,Singapore,Singapore,Medium
22,96.37,2120.14,10/5/2003 0:00,Shipped,10,2003,Classic Cars,Oslo,Norway,Small
46,92.09,4236.14,10/16/2004 0:00,Shipped,10,2004,Classic Cars,Madrid,Spain,Medium
21,89.95,1888.95,11/4/2004 0:00,Shipped,11,2004,Classic Cars,New Bedford,USA,Small
31,37.18,1152.58,11/17/2004 0:00,Shipped,11,2004,Classic Cars,Manchester,UK,Small
26,95.88,2492.88,11/29/2004 0:00,Shipped,11,2004,Classic Cars,Las Vegas,USA,Small
20,99.58,1991.6,1/19/2005 0:00,Shipped,1,2005,Classic Cars,San Rafael,USA,Small
34,100.0,3953.18,2/16/2005 0:00,Shipped,2,2005,Classic Cars,Madrid,Spain,Medium
43,86.73,3729.39,4/22/2005 0:00,On Hold,4,2005,Classic Cars,San Jose,USA,Medium
26,100.0,2617.16,5/29/2005 0:00,In Process,5,2005,Classic Cars,Chatswood,Australia,Small
50,79.67,3983.5,2/11/2003 0:00,Shipped,2,2003,Vintage Cars,Kobenhavn,Denmark,Medium
35,90.57,3169.95,4/28/2003 0:00,Shipped,4,2003,Vintage Cars,Salzburg,Austria,Medium
50,77.99,3899.5,6/12/2003 0:00,Shipped,6,2003,Vintage Cars,London,UK,Medium
23,80.51,1851.73,8/10/2003 0:00,Shipped,8,2003,Vintage Cars,New Bedford,USA,Small
37,67.93,2513.41,10/6/2003 0:00,Shipped,10,2003,Vintage Cars,Helsinki,Finland,Small
29,83.86,2431.94,10/23/2003 0:00,Cancelled,10,2003,Vintage Cars,Boras,Sweden,Small
21,72.12,1514.52,11/8/2003 0:00,Shipped,11,2003,Vintage Cars,Toulouse,France,Small
36,85.54,3079.44,11/14/2003 0:00,Shipped,11,2003,Vintage Cars,London,UK,Medium
22,86.38,1900.36,11/26/2003 0:00,Shipped,11,2003,Vintage Cars,Barcelona,Spain,Small
22,89.73,1974.06,1/9/2004 0:00,Shipped,1,2004,Vintage Cars,Los Angeles,USA,Small
46,80.51,3703.46,2/19/2004 0:00,Shipped,2,2004,Vintage Cars,San Diego,USA,Medium
23,76.31,1755.13,5/7/2004 0:00,Cancelled,5,2004,Vintage Cars,NYC,USA,Small
49,87.21,4273.29,6/24/2004 0:00,Cancelled,6,2004,Vintage Cars,Madrid,Spain,Medium
48,83.02,3984.96,7/21/2004 0:00,Shipped,7,2004,Vintage Cars,Bruxelles,Belgium,Medium
33,72.96,2407.68,8/20/2004 0:00,Shipped,8,2004,Vintage Cars,Tsawassen,Canada,Small
22,77.15,1697.3,9/15/2004 0:00,Shipped,9,2004,Vintage Cars,Munich,Germany,Small
22,91.41,2011.02,10/14/2004 0:00,Shipped,10,2004,Vintage Cars,Philadelphia,USA,Small
25,92.25,2306.25,11/1/2004 0:00,Shipped,11,2004,Vintage Cars,Cowes,UK,Small
20,92.25,1845.0,11/9/2004 0:00,Shipped,11,2004,Vintage Cars,Lule,Sweden,Small
42,59.36,2493.12,11/23/2004 0:00,Shipped,11,2004,Vintage Cars,Minato-ku,Japan,Small
25,60.34,1508.5,12/2/2004 0:00,Shipped,12,2004,Vintage Cars,Madrid,Spain,Small
23,100.0,2394.3,1/31/2005 0:00,Shipped,1,2005,Vintage Cars,Oulu,Finland,Small
37,85.54,3164.98,2/28/2005 0:00,Shipped,2,2005,Vintage Cars,San Rafael,USA,Medium
37,90.57,3351.09,3/23/2005 0:00,Shipped,3,2005,Vintage Cars,San Rafael,USA,Medium
42,72.96,3064.32,4/1/2005 0:00,Shipped,4,2005,Vintage Cars,San Jose,USA,Medium
51,76.31,3891.81,5/6/2005 0:00,On Hold,5,2005,Vintage Cars,Boston,USA,Medium
40,100.0,5448.8,3/3/2003 0:00,Shipped,3,2003,Classic Cars,Makati City,Philippines,Medium
43,100.0,5494.97,5/8/2003 0:00,Shipped,5,2003,Classic Cars,Marseille,France,Medium
47,100.0,6336.07,7/2/2003 0:00,Shipped,7,2003,Classic Cars,San Rafael,USA,Medium
23,100.0,2906.97,9/5/2003 0:00,Shipped,9,2003,Classic Cars,Brickhaven,USA,Small
35,100.0,4767.7,10/11/2003 0:00,Shipped,10,2003,Classic Cars,Los Angeles,USA,Medium
34,100.0,3819.56,11/4/2003 0:00,Shipped,11,2003,Classic Cars,Graz,Austria,Medium
25,100.0,3861.75,11/12/2003 0:00,Shipped,11,2003,Classic Cars,Bergen,Norway,Medium
45,100.0,6319.35,11/20/2003 0:00,Shipped,11,2003,Classic Cars,Nashua,USA,Medium
47,100.0,6996.42,12/2/2003 0:00,Shipped,12,2003,Classic Cars,Madrid,Spain,Medium
49,100.0,6949.67,1/16/2004 0:00,Shipped,1,2004,Classic Cars,Madrid,Spain,Medium
40,100.0,4550.0,2/22/2004 0:00,Shipped,2,2004,Classic Cars,Gensve,Switzerland,Medium
29,100.0,4479.63,4/12/2004 0:00,Shipped,4,2004,Classic Cars,Oulu,Finland,Medium
39,100.0,5148.0,6/1/2004 0:00,Cancelled,6,2004,Classic Cars,Liverpool,UK,Medium
24,100.0,2932.08,7/6/2004 0:00,Shipped,7,2004,Classic Cars,Reggio Emilia,Italy,Small
25,100.0,3159.75,8/6/2004 0:00,Shipped,8,2004,Classic Cars,Las Vegas,USA,Medium
36,100.0,4297.32,8/30/2004 0:00,Shipped,8,2004,Classic Cars,Gensve,Switzerland,Medium
50,100.0,7723.5,10/5/2003 0:00,Shipped,10,2003,Classic Cars,Oslo,Norway,Large
45,100.0,5497.65,10/16/2004 0:00,Shipped,10,2004,Classic Cars,Koln,Germany,Medium
26,100.0,4052.88,11/4/2004 0:00,Shipped,11,2004,Classic Cars,New Bedford,USA,Medium
21,100.0,3135.93,11/17/2004 0:00,Shipped,11,2004,Classic Cars,Philadelphia,USA,Medium
42,100.0,5013.54,11/24/2004 0:00,Shipped,11,2004,Classic Cars,Melbourne,Australia,Medium
32,100.0,5302.72,12/7/2004 0:00,Shipped,12,2004,Classic Cars,Madrid,Spain,Medium
31,94.58,2931.98,1/6/2005 0:00,Shipped,1,2005,Classic Cars,Espoo,Finland,Small
33,53.27,1757.91,2/10/2005 0:00,Shipped,2,2005,Classic Cars,Madrid,Spain,Small
45,100.0,6763.05,3/4/2005 0:00,Shipped,3,2005,Classic Cars,San Rafael,USA,Medium
76,100.0,11739.7,4/14/2005 0:00,Shipped,4,2005,Classic Cars,Strasbourg,France,Large
70,100.0,9240.0,5/17/2005 0:00,Shipped,5,2005,Classic Cars,Salzburg,Austria,Large
50,64.83,3241.5,2/17/2003 0:00,Shipped,2,2003,Planes,Bergamo,Italy,Medium
28,70.29,1968.12,4/28/2003 0:00,Shipped,4,2003,Planes,Salzburg,Austria,Small
50,81.89,4094.5,6/16/2003 0:00,Shipped,6,2003,Planes,Glendale,USA,Medium
28,66.19,1853.32,8/10/2003 0:00,Shipped,8,2003,Planes,New Bedford,USA,Small
44,77.11,3392.84,10/6/2003 0:00,Shipped,10,2003,Planes,Helsinki,Finland,Medium
27,73.02,1971.54,10/28/2003 0:00,Shipped,10,2003,Planes,Burlingame,USA,Small
30,72.33,2169.9,11/8/2003 0:00,Shipped,11,2003,Planes,Toulouse,France,Small
43,66.19,2846.17,11/27/2003 0:00,Shipped,11,2003,Planes,Makati City,Philippines,Small
29,69.6,2018.4,1/12/2004 0:00,Shipped,1,2004,Planes,Osaka,Japan,Small
48,56.64,2718.72,2/19/2004 0:00,Shipped,2,2004,Planes,San Diego,USA,Small
33,60.05,1981.65,4/2/2004 0:00,Shipped,4,2004,Planes,Tsawassen,Canada,Small
40,75.06,3002.4,5/11/2004 0:00,Shipped,5,2004,Planes,San Jose,USA,Medium
48,61.42,2948.16,6/24/2004 0:00,Cancelled,6,2004,Planes,Madrid,Spain,Small
41,81.89,3357.49,7/23/2004 0:00,Shipped,7,2004,Planes,Nantes,France,Medium
21,55.96,1175.16,8/21/2004 0:00,Shipped,8,2004,Planes,Oslo,Norway,Small
32,71.65,2292.8,9/15/2004 0:00,Shipped,9,2004,Planes,Munich,Germany,Small
43,76.43,3286.49,10/15/2004 0:00,Shipped,10,2004,Planes,White Plains,USA,Medium
30,77.79,2333.7,11/1/2004 0:00,Shipped,11,2004,Planes,Cowes,UK,Small
35,76.43,2675.05,11/12/2004 0:00,Shipped,11,2004,Planes,Bergamo,Italy,Small
45,96.92,4361.4,11/23/2004 0:00,Shipped,11,2004,Planes,Minato-ku,Japan,Medium
34,59.37,2018.58,12/3/2004 0:00,Shipped,12,2004,Planes,London,UK,Small
26,100.0,3710.98,12/17/2004 0:00,Shipped,12,2004,Planes,Chatswood,Australia,Medium
39,73.0,2847.0,1/31/2005 0:00,Shipped,1,2005,Planes,Oulu,Finland,Small
41,73.32,3006.12,3/1/2005 0:00,Resolved,3,2005,Planes,Madrid,Spain,Medium
41,68.24,2797.84,3/30/2005 0:00,Shipped,3,2005,Planes,Reims,France,Small
64,60.05,3843.2,4/3/2005 0:00,On Hold,4,2005,Planes,Newark,USA,Medium
18,75.06,1351.08,5/10/2005 0:00,Shipped,5,2005,Planes,Reggio Emilia,Italy,Small
49,34.47,1689.03,1/6/2003 0:00,Shipped,1,2003,Vintage Cars,Nashua,USA,Small
48,34.47,1654.56,3/18/2003 0:00,Shipped,3,2003,Vintage Cars,Manchester,UK,Small
46,33.23,1528.58,5/21/2003 0:00,Shipped,5,2003,Vintage Cars,Las Vegas,USA,Small
26,38.98,1013.48,9/12/2003 0:00,Shipped,9,2003,Vintage Cars,Brisbane,USA,Small
37,38.98,1442.26,10/18/2003 0:00,Shipped,10,2003,Vintage Cars,San Francisco,USA,Small
35,33.23,1163.05,11/5/2003 0:00,Shipped,11,2003,Vintage Cars,Bergamo,Italy,Small
23,42.26,971.98,11/12/2003 0:00,Shipped,11,2003,Vintage Cars,San Rafael,USA,Small
22,41.03,902.66,11/21/2003 0:00,Shipped,11,2003,Vintage Cars,Glen Waverly,Australia,Small
39,33.23,1295.97,12/2/2003 0:00,Shipped,12,2003,Vintage Cars,NYC,USA,Small
44,34.88,1534.72,1/26/2004 0:00,Shipped,1,2004,Vintage Cars,Madrid,Spain,Small
27,43.9,1185.3,3/2/2004 0:00,Shipped,3,2004,Vintage Cars,Lyon,France,Small
46,36.93,1698.78,4/20/2004 0:00,Shipped,4,2004,Vintage Cars,NYC,USA,Small
33,41.85,1381.05,8/17/2004 0:00,Shipped,8,2004,Vintage Cars,Torino,Italy,Small
33,40.62,1340.46,9/1/2004 0:00,Shipped,9,2004,Vintage Cars,Singapore,Singapore,Small
24,40.21,965.04,10/6/2004 0:00,Shipped,10,2004,Vintage Cars,Sevilla,Spain,Small
31,35.29,1093.99,10/21/2004 0:00,Shipped,10,2004,Vintage Cars,San Rafael,USA,Small
41,77.24,3166.84,11/17/2004 0:00,Shipped,11,2004,Vintage Cars,Manchester,UK,Medium
22,97.44,2143.68,11/29/2004 0:00,Shipped,11,2004,Vintage Cars,Las Vegas,USA,Small
46,37.34,1717.64,1/19/2005 0:00,Shipped,1,2005,Vintage Cars,San Rafael,USA,Small
43,95.03,4086.29,2/16/2005 0:00,Shipped,2,2005,Vintage Cars,Madrid,Spain,Medium
15,36.93,553.95,4/22/2005 0:00,Shipped,4,2005,Vintage Cars,Minato-ku,Japan,Small
15,43.49,652.35,5/29/2005 0:00,In Process,5,2005,Vintage Cars,Chatswood,Australia,Small
26,100.0,2921.62,1/31/2003 0:00,Shipped,1,2003,Classic Cars,Madrid,Spain,Small
44,100.0,5568.64,4/4/2003 0:00,Shipped,4,2003,Classic Cars,NYC,USA,Medium
20,96.99,1939.8,6/3/2003 0:00,Shipped,6,2003,Classic Cars,NYC,USA,Small
40,94.62,3784.8,8/1/2003 0:00,Shipped,8,2003,Classic Cars,Espoo,Finland,Medium
23,100.0,2802.09,9/25/2003 0:00,Shipped,9,2003,Classic Cars,South Brisbane,Australia,Small
24,99.36,2384.64,10/22/2003 0:00,Shipped,10,2003,Classic Cars,Singapore,Singapore,Small
29,100.0,2915.66,11/6/2003 0:00,Shipped,11,2003,Classic Cars,Reggio Emilia,Italy,Small
49,100.0,5795.72,11/14/2003 0:00,Shipped,11,2003,Classic Cars,Sevilla,Spain,Medium
34,100.0,3699.88,11/25/2003 0:00,Shipped,11,2003,Classic Cars,White Plains,USA,Medium
28,100.0,2980.6,12/9/2003 0:00,Shipped,12,2003,Classic Cars,Boston,USA,Small
37,100.0,5032.74,2/12/2004 0:00,Shipped,2,2004,Classic Cars,Dublin,Ireland,Medium
45,100.0,4737.15,3/15/2004 0:00,Shipped,3,2004,Classic Cars,Frankfurt,Germany,Medium
46,100.0,6311.2,5/5/2004 0:00,Shipped,5,2004,Classic Cars,Madrid,Spain,Medium
22,100.0,3070.54,7/20/2004 0:00,Shipped,7,2004,Classic Cars,San Rafael,USA,Medium
39,100.0,4797.39,8/20/2004 0:00,Shipped,8,2004,Classic Cars,San Rafael,USA,Medium
27,100.0,3832.38,9/8/2004 0:00,Shipped,9,2004,Classic Cars,NYC,USA,Medium
36,100.0,4641.48,10/13/2004 0:00,Shipped,10,2004,Classic Cars,Cambridge,USA,Medium
38,100.0,4000.26,10/22/2004 0:00,Shipped,10,2004,Classic Cars,Aaarhus,Denmark,Medium
44,100.0,5325.76,11/5/2004 0:00,Shipped,11,2004,Classic Cars,Stavern,Norway,Medium
31,100.0,4618.69,11/20/2004 0:00,Shipped,11,2004,Classic Cars,Paris,France,Medium
23,100.0,3182.97,12/1/2004 0:00,Shipped,12,2004,Classic Cars,NYC,USA,Medium
22,100.0,2603.04,12/15/2004 0:00,Shipped,12,2004,Classic Cars,Reims,France,Small
28,50.32,1408.96,1/23/2005 0:00,Shipped,1,2005,Classic Cars,San Rafael,USA,Small
21,93.91,1972.11,2/22/2005 0:00,Shipped,2,2005,Classic Cars,Madrid,Spain,Small
37,100.0,5207.75,3/15/2005 0:00,Shipped,3,2005,Classic Cars,Madrid,Spain,Medium
31,100.0,4253.2,5/3/2005 0:00,Shipped,5,2005,Classic Cars,Madrid,Spain,Medium
25,100.0,2873.0,1/29/2003 0:00,Shipped,1,2003,Vintage Cars,Stavern,Norway,Small
26,86.68,2253.68,3/25/2003 0:00,Shipped,3,2003,Vintage Cars,San Francisco,USA,Small
34,100.0,3576.12,5/28/2003 0:00,Shipped,5,2003,Vintage Cars,Madrid,Spain,Medium
29,100.0,3276.13,7/16/2003 0:00,Shipped,7,2003,Vintage Cars,Chatswood,Australia,Medium
20,90.57,1811.4,9/12/2003 0:00,Shipped,9,2003,Vintage Cars,Brisbane,USA,Small
42,91.55,3845.1,10/20/2003 0:00,Shipped,10,2003,Vintage Cars,NYC,USA,Medium
22,100.0,2571.14,11/5/2003 0:00,Shipped,11,2003,Vintage Cars,Bergamo,Italy,Small
47,100.0,5035.11,11/13/2003 0:00,Shipped,11,2003,Vintage Cars,Philadelphia,USA,Medium
20,100.0,2279.0,11/21/2003 0:00,Shipped,11,2003,Vintage Cars,Glen Waverly,Australia,Small
33,97.39,3213.87,12/5/2003 0:00,Shipped,12,2003,Vintage Cars,Vancouver,Canada,Medium
39,90.57,3532.23,1/29/2004 0:00,Shipped,1,2004,Vintage Cars,Burbank,USA,Medium
33,100.0,3406.59,3/10/2004 0:00,Shipped,3,2004,Vintage Cars,Cambridge,USA,Medium
40,86.68,3467.2,4/29/2004 0:00,Shipped,4,2004,Vintage Cars,Madrid,Spain,Medium
46,78.89,3628.94,6/14/2004 0:00,Shipped,6,2004,Vintage Cars,San Jose,USA,Medium
48,97.39,4674.72,7/16/2004 0:00,Shipped,7,2004,Vintage Cars,Salzburg,Austria,Medium
21,78.89,1656.69,8/17/2004 0:00,Shipped,8,2004,Vintage Cars,Torino,Italy,Small
45,100.0,5171.4,9/7/2004 0:00,Shipped,9,2004,Vintage Cars,Brickhaven,USA,Medium
33,100.0,3342.57,10/11/2004 0:00,Shipped,10,2004,Vintage Cars,Versailles,France,Medium
44,100.0,4884.88,10/21/2004 0:00,Shipped,10,2004,Vintage Cars,San Rafael,USA,Medium
33,100.0,6267.69,11/5/2004 0:00,Shipped,11,2004,Vintage Cars,NYC,USA,Medium
39,100.0,4424.16,11/18/2004 0:00,Shipped,11,2004,Vintage Cars,San Francisco,USA,Medium
39,50.31,1962.09,11/1/2004 0:00,Shipped,11,2004,Vintage Cars,Madrid,Spain,Small
41,100.0,6847.0,12/10/2004 0:00,Shipped,12,2004,Vintage Cars,Madrid,Spain,Medium
40,86.92,3476.8,1/20/2005 0:00,Shipped,1,2005,Vintage Cars,Brickhaven,USA,Medium
33,100.0,4592.61,2/17/2005 0:00,Shipped,2,2005,Vintage Cars,San Rafael,USA,Medium
28,78.89,2208.92,5/30/2005 0:00,In Process,5,2005,Vintage Cars,Bruxelles,Belgium,Small
26,63.76,1657.76,2/17/2003 0:00,Shipped,2,2003,Planes,Bergamo,Italy,Small
29,85.49,2479.21,4/29/2003 0:00,Shipped,4,2003,Planes,Melbourne,Australia,Small
46,77.52,3565.92,6/27/2003 0:00,Shipped,6,2003,Planes,Madrid,Spain,Medium
33,84.77,2797.41,8/25/2003 0:00,Shipped,8,2003,Planes,Pasadena,USA,Small
48,78.25,3756.0,10/28/2003 0:00,Shipped,10,2003,Planes,Burlingame,USA,Medium
40,71.0,2840.0,1/12/2004 0:00,Shipped,1,2004,Planes,Osaka,Japan,Small
23,74.62,1716.26,2/20/2004 0:00,Shipped,2,2004,Planes,Melbourne,Australia,Small
40,81.14,3245.6,4/2/2004 0:00,Shipped,4,2004,Planes,Tsawassen,Canada,Medium
37,74.62,2760.94,5/11/2004 0:00,Shipped,5,2004,Planes,San Jose,USA,Small
24,75.35,1808.4,6/28/2004 0:00,Shipped,6,2004,Planes,Bridgewater,USA,Small
27,62.31,1682.37,7/23/2004 0:00,Shipped,7,2004,Planes,Nantes,France,Small
21,71.0,1491.0,8/21/2004 0:00,Shipped,8,2004,Planes,Oslo,Norway,Small
23,72.45,1666.35,9/16/2004 0:00,Shipped,9,2004,Planes,Dublin,Ireland,Small
44,83.32,3666.08,10/15/2004 0:00,Shipped,10,2004,Planes,White Plains,USA,Medium
35,83.32,2916.2,11/2/2004 0:00,Shipped,11,2004,Planes,Burlingame,USA,Small
43,60.86,2616.98,11/12/2004 0:00,Shipped,11,2004,Planes,Bergamo,Italy,Small
40,84.77,3390.8,11/24/2004 0:00,Shipped,11,2004,Planes,Barcelona,Spain,Medium
35,89.9,3146.5,12/4/2004 0:00,Shipped,12,2004,Planes,Glendale,USA,Medium
25,62.46,1561.5,12/17/2004 0:00,Shipped,12,2004,Planes,Chatswood,Australia,Small
43,100.0,10039.6,2/3/2005 0:00,Shipped,2,2005,Planes,Nantes,France,Large
50,63.34,3167.0,3/1/2005 0:00,Resolved,3,2005,Planes,Madrid,Spain,Medium
45,78.25,3521.25,3/30/2005 0:00,Shipped,3,2005,Planes,Reims,France,Medium
52,81.14,4219.28,4/3/2005 0:00,On Hold,4,2005,Planes,Newark,USA,Medium
48,74.62,3581.76,5/10/2005 0:00,Shipped,5,2005,Planes,Reggio Emilia,Italy,Medium
31,68.71,2130.01,3/3/2003 0:00,Shipped,3,2003,Classic Cars,Makati City,Philippines,Small
29,71.14,2063.06,5/8/2003 0:00,Shipped,5,2003,Classic Cars,Marseille,France,Small
23,87.31,2008.13,7/2/2003 0:00,Shipped,7,2003,Classic Cars,San Rafael,USA,Small
31,64.67,2004.77,9/5/2003 0:00,Shipped,9,2003,Classic Cars,Brickhaven,USA,Small
23,67.1,1543.3,10/10/2003 0:00,Shipped,10,2003,Classic Cars,San Francisco,USA,Small
24,94.58,2269.92,11/4/2003 0:00,Shipped,11,2003,Classic Cars,North Sydney,Australia,Small
28,71.14,1991.92,11/11/2003 0:00,Shipped,11,2003,Classic Cars,Lille,France,Small
44,66.29,2916.76,11/20/2003 0:00,Shipped,11,2003,Classic Cars,Koln,Germany,Small
22,92.16,2027.52,1/15/2004 0:00,Shipped,1,2004,Classic Cars,Paris,France,Small
46,70.33,3235.18,2/22/2004 0:00,Shipped,2,2004,Classic Cars,Gensve,Switzerland,Medium
22,93.77,2062.94,4/9/2004 0:00,Shipped,4,2004,Classic Cars,Kobenhavn,Denmark,Small
38,87.31,3317.78,5/26/2004 0:00,Shipped,5,2004,Classic Cars,Paris,France,Medium
47,83.27,3913.69,6/30/2004 0:00,Shipped,6,2004,Classic Cars,Boston,USA,Medium
48,75.18,3608.64,8/2/2004 0:00,Shipped,8,2004,Classic Cars,Brickhaven,USA,Medium
40,88.12,3524.8,8/30/2004 0:00,Shipped,8,2004,Classic Cars,Gensve,Switzerland,Medium
32,80.84,2586.88,9/30/2004 0:00,Shipped,9,2004,Classic Cars,Helsinki,Finland,Small
49,97.01,4753.49,10/16/2004 0:00,Shipped,10,2004,Classic Cars,Koln,Germany,Medium
43,85.69,3684.67,11/3/2004 0:00,Shipped,11,2004,Classic Cars,NYC,USA,Medium
41,100.0,5715.4,11/17/2004 0:00,Shipped,11,2004,Classic Cars,Philadelphia,USA,Medium
30,100.0,3098.7,11/24/2004 0:00,Shipped,11,2004,Classic Cars,Reims,France,Medium
28,95.39,2670.92,12/7/2004 0:00,Shipped,12,2004,Classic Cars,Madrid,Spain,Small
43,100.0,5154.41,1/6/2005 0:00,Shipped,1,2005,Classic Cars,Espoo,Finland,Medium
41,100.0,4894.17,2/10/2005 0:00,Shipped,2,2005,Classic Cars,Madrid,Spain,Medium
30,82.42,2472.6,3/4/2005 0:00,Shipped,3,2005,Classic Cars,San Rafael,USA,Small
31,100.0,3224.31,1/29/2003 0:00,Shipped,1,2003,Trucks and Buses,Stavern,Norway,Medium
32,100.0,3667.52,4/1/2003 0:00,Shipped,4,2003,Trucks and Buses,Paris,France,Medium
43,96.31,4141.33,5/28/2003 0:00,Shipped,5,2003,Trucks and Buses,Madrid,Spain,Medium
26,100.0,2829.58,7/24/2003 0:00,Shipped,7,2003,Trucks and Buses,Burlingame,USA,Small
27,100.0,3068.55,9/21/2003 0:00,Shipped,9,2003,Trucks and Buses,Oulu,Finland,Medium
24,100.0,2634.96,10/21/2003 0:00,Resolved,10,2003,Trucks and Buses,Graz,Austria,Small
22,100.0,2436.72,11/6/2003 0:00,Shipped,11,2003,Trucks and Buses,London,UK,Small
46,100.0,4607.36,11/14/2003 0:00,Shipped,11,2003,Trucks and Buses,Sevilla,Spain,Medium
37,97.27,3598.99,11/25/2003 0:00,Shipped,11,2003,Trucks and Buses,Lyon,France,Medium
49,80.9,3964.1,12/9/2003 0:00,Shipped,12,2003,Trucks and Buses,Boston,USA,Medium
21,100.0,2244.9,2/4/2004 0:00,Shipped,2,2004,Trucks and Buses,Singapore,Singapore,Small
25,100.0,2793.0,3/11/2004 0:00,Shipped,3,2004,Trucks and Buses,San Rafael,USA,Small
37,100.0,4133.64,5/4/2004 0:00,Shipped,5,2004,Trucks and Buses,New Haven,USA,Medium
45,86.68,3900.6,6/15/2004 0:00,Shipped,6,2004,Trucks and Buses,Singapore,Singapore,Medium
32,85.72,2743.04,7/19/2004 0:00,Shipped,7,2004,Trucks and Buses,Chatswood,Australia,Small
29,82.83,2402.07,8/19/2004 0:00,Shipped,8,2004,Trucks and Buses,Allentown,USA,Small
26,83.79,2178.54,9/8/2004 0:00,Shipped,9,2004,Trucks and Buses,Boras,Sweden,Small
28,100.0,3155.04,10/13/2004 0:00,Shipped,10,2004,Trucks and Buses,Cambridge,USA,Medium
27,87.64,2366.28,10/22/2004 0:00,Shipped,10,2004,Trucks and Buses,Vancouver,Canada,Small
20,98.18,1963.6,11/5/2004 0:00,Shipped,11,2004,Trucks and Buses,NYC,USA,Small
44,100.0,4746.28,11/19/2004 0:00,Shipped,11,2004,Trucks and Buses,San Rafael,USA,Medium
42,100.0,6386.94,11/1/2004 0:00,Shipped,11,2004,Trucks and Buses,Madrid,Spain,Medium
41,100.0,4428.0,12/10/2004 0:00,Shipped,12,2004,Trucks and Buses,Madrid,Spain,Medium
26,100.0,4044.04,1/23/2005 0:00,Shipped,1,2005,Trucks and Buses,San Rafael,USA,Medium
26,100.0,2708.42,2/17/2005 0:00,Shipped,2,2005,Trucks and Buses,San Rafael,USA,Small
26,100.0,2904.72,5/1/2005 0:00,Shipped,5,2005,Trucks and Buses,Montreal,Canada,Small
41,86.68,3553.88,5/31/2005 0:00,In Process,5,2005,Trucks and Buses,Nantes,France,Medium
20,92.9,1858.0,2/24/2003 0:00,Shipped,2,2003,Motorcycles,NYC,USA,Small
22,100.0,2461.36,4/29/2003 0:00,Shipped,4,2003,Motorcycles,Melbourne,Australia,Small
23,100.0,2642.01,6/27/2003 0:00,Shipped,6,2003,Motorcycles,Madrid,Spain,Small
33,93.9,3098.7,8/25/2003 0:00,Shipped,8,2003,Motorcycles,Pasadena,USA,Medium
28,100.0,3244.36,10/28/2003 0:00,Shipped,10,2003,Motorcycles,Burlingame,USA,Medium
44,98.89,4351.16,11/18/2003 0:00,Shipped,11,2003,Motorcycles,Bergen,Norway,Medium
46,79.91,3675.86,1/12/2004 0:00,Shipped,1,2004,Motorcycles,Osaka,Japan,Medium
21,100.0,2475.27,2/20/2004 0:00,Shipped,2,2004,Motorcycles,Melbourne,Australia,Small
41,100.0,4177.49,4/2/2004 0:00,Shipped,4,2004,Motorcycles,Tsawassen,Canada,Medium
31,100.0,3282.28,5/11/2004 0:00,Shipped,5,2004,Motorcycles,San Jose,USA,Medium
31,79.91,2477.21,6/28/2004 0:00,Shipped,6,2004,Motorcycles,Bridgewater,USA,Small
23,81.91,1883.93,7/23/2004 0:00,Shipped,7,2004,Motorcycles,Nantes,France,Small
37,98.89,3658.93,8/27/2004 0:00,Shipped,8,2004,Motorcycles,Cambridge,USA,Medium
26,100.0,2856.88,9/16/2004 0:00,Shipped,9,2004,Motorcycles,Dublin,Ireland,Small
24,79.91,1917.84,10/15/2004 0:00,Shipped,10,2004,Motorcycles,White Plains,USA,Small
47,100.0,5305.36,11/2/2004 0:00,Shipped,11,2004,Motorcycles,Allentown,USA,Medium
45,63.91,2875.95,11/15/2004 0:00,Shipped,11,2004,Motorcycles,NYC,USA,Small
55,100.0,6482.85,11/24/2004 0:00,Shipped,11,2004,Motorcycles,Barcelona,Spain,Medium
46,81.17,3733.82,12/4/2004 0:00,Shipped,12,2004,Motorcycles,Glendale,USA,Medium
50,100.0,6576.5,1/6/2005 0:00,Shipped,1,2005,Motorcycles,Espoo,Finland,Medium
37,100.0,6353.27,2/3/2005 0:00,Shipped,2,2005,Motorcycles,Nantes,France,Medium
44,94.9,4175.6,3/2/2005 0:00,Shipped,3,2005,Motorcycles,Singapore,Singapore,Medium
49,100.0,4992.61,4/3/2005 0:00,On Hold,4,2005,Motorcycles,Newark,USA,Medium
45,100.0,4764.6,5/10/2005 0:00,Shipped,5,2005,Motorcycles,Reggio Emilia,Italy,Medium
27,43.45,1173.15,3/3/2003 0:00,Shipped,3,2003,Motorcycles,Makati City,Philippines,Small
31,44.66,1384.46,5/8/2003 0:00,Shipped,5,2003,Motorcycles,Marseille,France,Small
33,40.23,1327.59,7/2/2003 0:00,Shipped,7,2003,Motorcycles,San Rafael,USA,Small
31,35.8,1109.8,8/25/2003 0:00,Shipped,8,2003,Motorcycles,Pasadena,USA,Small
35,35.4,1239.0,10/10/2003 0:00,Shipped,10,2003,Motorcycles,San Francisco,USA,Small
26,39.83,1035.58,11/4/2003 0:00,Shipped,11,2003,Motorcycles,North Sydney,Australia,Small
34,45.46,1545.64,11/11/2003 0:00,Shipped,11,2003,Motorcycles,Lille,France,Small
46,32.99,1517.54,11/19/2003 0:00,Shipped,11,2003,Motorcycles,Madrid,Spain,Small
41,42.24,1731.84,1/15/2004 0:00,Shipped,1,2004,Motorcycles,Paris,France,Small
43,39.43,1695.49,2/21/2004 0:00,Shipped,2,2004,Motorcycles,Lille,France,Small
26,40.23,1045.98,4/5/2004 0:00,Shipped,4,2004,Motorcycles,NYC,USA,Small
36,48.28,1738.08,5/26/2004 0:00,Shipped,5,2004,Motorcycles,Paris,France,Small
20,32.59,651.8,6/30/2004 0:00,Shipped,6,2004,Motorcycles,Boston,USA,Small
27,36.61,988.47,8/2/2004 0:00,Shipped,8,2004,Motorcycles,Brickhaven,USA,Small
37,41.03,1518.11,8/27/2004 0:00,Shipped,8,2004,Motorcycles,Cambridge,USA,Small
24,42.24,1013.76,9/30/2004 0:00,Shipped,9,2004,Motorcycles,Helsinki,Finland,Small
36,43.05,1549.8,10/16/2004 0:00,Shipped,10,2004,Motorcycles,Koln,Germany,Small
29,38.22,1108.38,11/3/2004 0:00,Shipped,11,2004,Motorcycles,NYC,USA,Small
28,100.0,4102.56,11/17/2004 0:00,Shipped,11,2004,Motorcycles,Philadelphia,USA,Medium
29,100.0,3713.16,11/24/2004 0:00,Shipped,11,2004,Motorcycles,Reims,France,Medium
38,39.83,1513.54,12/7/2004 0:00,Shipped,12,2004,Motorcycles,Madrid,Spain,Small
48,48.28,2317.44,1/6/2005 0:00,Shipped,1,2005,Motorcycles,Marseille,France,Small
40,82.46,3298.4,2/10/2005 0:00,Shipped,2,2005,Motorcycles,Madrid,Spain,Medium
41,44.56,1826.96,3/4/2005 0:00,Shipped,3,2005,Motorcycles,San Rafael,USA,Small
30,40.23,1206.9,4/8/2005 0:00,Shipped,4,2005,Motorcycles,Liverpool,UK,Small
35,47.62,1666.7,1/31/2003 0:00,Shipped,1,2003,Trucks and Buses,Madrid,Spain,Small
28,55.73,1560.44,4/1/2003 0:00,Shipped,4,2003,Trucks and Buses,Paris,France,Small
45,51.95,2337.75,6/3/2003 0:00,Shipped,6,2003,Trucks and Buses,NYC,USA,Small
24,45.99,1103.76,8/1/2003 0:00,Shipped,8,2003,Trucks and Buses,Espoo,Finland,Small
41,63.85,2617.85,9/21/2003 0:00,Shipped,9,2003,Trucks and Buses,Oulu,Finland,Small
48,45.99,2207.52,10/22/2003 0:00,Shipped,10,2003,Trucks and Buses,Singapore,Singapore,Small
50,63.31,3165.5,11/6/2003 0:00,Shipped,11,2003,Trucks and Buses,London,UK,Medium
33,62.77,2071.41,11/14/2003 0:00,Shipped,11,2003,Trucks and Buses,Sevilla,Spain,Small
32,43.29,1385.28,11/25/2003 0:00,Shipped,11,2003,Trucks and Buses,White Plains,USA,Small
27,60.06,1621.62,12/9/2003 0:00,Shipped,12,2003,Trucks and Buses,Boston,USA,Small
35,55.19,1931.65,2/10/2004 0:00,Shipped,2,2004,Trucks and Buses,Brisbane,USA,Small
23,54.11,1244.53,3/11/2004 0:00,Shipped,3,2004,Trucks and Buses,San Rafael,USA,Small
35,48.7,1704.5,5/5/2004 0:00,Shipped,5,2004,Trucks and Buses,Madrid,Spain,Small
40,43.83,1753.2,6/15/2004 0:00,Shipped,6,2004,Trucks and Buses,Singapore,Singapore,Small
35,47.62,1666.7,7/20/2004 0:00,Shipped,7,2004,Trucks and Buses,San Rafael,USA,Small
31,55.19,1710.89,8/19/2004 0:00,Shipped,8,2004,Trucks and Buses,Allentown,USA,Small
50,46.53,2326.5,9/8/2004 0:00,Shipped,9,2004,Trucks and Buses,NYC,USA,Small
40,57.9,2316.0,10/13/2004 0:00,Shipped,10,2004,Trucks and Buses,Cambridge,USA,Small
38,45.45,1727.1,10/22/2004 0:00,Shipped,10,2004,Trucks and Buses,Vancouver,Canada,Small
38,100.0,8844.12,11/5/2004 0:00,Shipped,11,2004,Trucks and Buses,Stavern,Norway,Large
40,60.6,2424.0,11/19/2004 0:00,Shipped,11,2004,Trucks and Buses,San Rafael,USA,Small
33,46.53,1535.49,12/1/2004 0:00,Shipped,12,2004,Trucks and Buses,NYC,USA,Small
36,100.0,6358.68,12/15/2004 0:00,Shipped,12,2004,Trucks and Buses,Reims,France,Medium
20,66.47,1329.4,1/23/2005 0:00,Shipped,1,2005,Trucks and Buses,San Rafael,USA,Small
32,53.18,1701.76,2/22/2005 0:00,Shipped,2,2005,Trucks and Buses,Madrid,Spain,Small
36,62.77,2259.72,3/15/2005 0:00,Shipped,3,2005,Trucks and Buses,Madrid,Spain,Small
19,48.7,925.3,5/3/2005 0:00,Shipped,5,2005,Trucks and Buses,Madrid,Spain,Small
11,43.83,482.13,5/31/2005 0:00,In Process,5,2005,Trucks and Buses,Nantes,France,Small
49,65.87,3227.63,1/31/2003 0:00,Shipped,1,2003,Trains,Madrid,Spain,Medium
27,63.38,1711.26,4/11/2003 0:00,Shipped,4,2003,Trains,Charleroi,Belgium,Small
29,70.84,2054.36,6/3/2003 0:00,Shipped,6,2003,Trains,NYC,USA,Small
42,74.57,3131.94,8/8/2003 0:00,Shipped,8,2003,Trains,San Rafael,USA,Medium
33,50.95,1681.35,9/25/2003 0:00,Shipped,9,2003,Trains,South Brisbane,Australia,Small
44,53.44,2351.36,10/22/2003 0:00,Shipped,10,2003,Trains,Singapore,Singapore,Small
22,64.0,1408.0,11/6/2003 0:00,Shipped,11,2003,Trains,Reggio Emilia,Italy,Small
48,50.95,2445.6,11/14/2003 0:00,Shipped,11,2003,Trains,Sevilla,Spain,Small
33,54.68,1804.44,11/25/2003 0:00,Shipped,11,2003,Trains,White Plains,USA,Small
45,56.55,2544.75,12/9/2003 0:00,Shipped,12,2003,Trains,Boston,USA,Small
20,52.82,1056.4,2/12/2004 0:00,Shipped,2,2004,Trains,Dublin,Ireland,Small
46,60.9,2801.4,3/15/2004 0:00,Shipped,3,2004,Trains,Frankfurt,Germany,Small
40,49.71,1988.4,5/5/2004 0:00,Shipped,5,2004,Trains,Espoo,Finland,Small
45,64.63,2908.35,7/20/2004 0:00,Shipped,7,2004,Trains,Allentown,USA,Small
36,59.65,2147.4,8/20/2004 0:00,Shipped,8,2004,Trains,San Rafael,USA,Small
31,67.73,2099.63,9/8/2004 0:00,Shipped,9,2004,Trains,NYC,USA,Small
46,50.33,2315.18,10/14/2004 0:00,Shipped,10,2004,Trains,Manchester,UK,Small
35,66.49,2327.15,10/22/2004 0:00,Shipped,10,2004,Trains,Aaarhus,Denmark,Small
28,100.0,5377.4,11/5/2004 0:00,Shipped,11,2004,Trains,Stavern,Norway,Medium
31,84.71,2626.01,11/20/2004 0:00,Shipped,11,2004,Trains,Paris,France,Small
27,100.0,4406.4,12/2/2004 0:00,Shipped,12,2004,Trains,Madrid,Spain,Medium
22,100.0,4301.22,12/15/2004 0:00,Shipped,12,2004,Trains,Reims,France,Medium
30,99.55,2986.5,1/23/2005 0:00,Shipped,1,2005,Trains,San Rafael,USA,Small
44,36.07,1587.08,2/22/2005 0:00,Shipped,2,2005,Trains,Madrid,Spain,Small
30,60.28,1808.4,3/15/2005 0:00,Shipped,3,2005,Trains,Madrid,Spain,Small
24,49.71,1193.04,5/5/2005 0:00,Shipped,5,2005,Trains,Bridgewater,USA,Small
45,75.63,3403.35,1/29/2003 0:00,Shipped,1,2003,Trucks and Buses,Stavern,Norway,Medium
23,68.52,1575.96,3/26/2003 0:00,Shipped,3,2003,Trucks and Buses,San Rafael,USA,Small
26,62.7,1630.2,5/28/2003 0:00,Shipped,5,2003,Trucks and Buses,Madrid,Spain,Small
28,60.76,1701.28,7/24/2003 0:00,Shipped,7,2003,Trucks and Buses,Burlingame,USA,Small
49,58.18,2850.82,9/19/2003 0:00,Shipped,9,2003,Trucks and Buses,Singapore,Singapore,Small
49,54.94,2692.06,10/21/2003 0:00,Resolved,10,2003,Trucks and Buses,Graz,Austria,Small
29,74.98,2174.42,11/6/2003 0:00,Shipped,11,2003,Trucks and Buses,London,UK,Small
49,64.64,3167.36,11/13/2003 0:00,Shipped,11,2003,Trucks and Buses,Philadelphia,USA,Medium
39,54.94,2142.66,11/25/2003 0:00,Shipped,11,2003,Trucks and Buses,Lyon,France,Small
36,58.82,2117.52,12/5/2003 0:00,Shipped,12,2003,Trucks and Buses,Vancouver,Canada,Small
39,62.05,2419.95,2/4/2004 0:00,Shipped,2,2004,Trucks and Buses,Singapore,Singapore,Small
30,73.04,2191.2,3/11/2004 0:00,Shipped,3,2004,Trucks and Buses,San Rafael,USA,Small
44,69.16,3043.04,5/4/2004 0:00,Shipped,5,2004,Trucks and Buses,New Haven,USA,Medium
20,61.41,1228.2,6/15/2004 0:00,Shipped,6,2004,Trucks and Buses,Minato-ku,Japan,Small
21,63.35,1330.35,7/19/2004 0:00,Shipped,7,2004,Trucks and Buses,Chatswood,Australia,Small
36,77.57,2792.52,8/19/2004 0:00,Shipped,8,2004,Trucks and Buses,Allentown,USA,Small
32,71.75,2296.0,9/8/2004 0:00,Shipped,9,2004,Trucks and Buses,Boras,Sweden,Small
36,73.04,2629.44,10/11/2004 0:00,Shipped,10,2004,Trucks and Buses,Versailles,France,Small
34,56.24,1912.16,10/22/2004 0:00,Shipped,10,2004,Trucks and Buses,Vancouver,Canada,Small
48,100.0,8209.44,11/5/2004 0:00,Shipped,11,2004,Trucks and Buses,NYC,USA,Large
33,73.69,2431.77,11/18/2004 0:00,Shipped,11,2004,Trucks and Buses,San Francisco,USA,Small
31,100.0,3139.99,11/1/2004 0:00,Shipped,11,2004,Trucks and Buses,Madrid,Spain,Medium
36,100.0,5669.64,12/10/2004 0:00,Shipped,12,2004,Trucks and Buses,Madrid,Spain,Medium
25,100.0,3160.25,1/20/2005 0:00,Shipped,1,2005,Trucks and Buses,North Sydney,Australia,Medium
48,100.0,6799.68,2/17/2005 0:00,Shipped,2,2005,Trucks and Buses,San Rafael,USA,Medium
27,69.16,1867.32,5/1/2005 0:00,Shipped,5,2005,Trucks and Buses,Montreal,Canada,Small
44,61.41,2702.04,5/31/2005 0:00,In Process,5,2005,Trucks and Buses,Madrid,Spain,Small
33,72.92,2406.36,2/17/2003 0:00,Shipped,2,2003,Vintage Cars,Bergamo,Italy,Small
29,72.23,2094.67,4/29/2003 0:00,Shipped,4,2003,Vintage Cars,Melbourne,Australia,Small
49,57.1,2797.9,6/27/2003 0:00,Shipped,6,2003,Vintage Cars,Madrid,Spain,Small
20,81.86,1637.2,8/13/2003 0:00,Shipped,8,2003,Vintage Cars,Charleroi,Belgium,Small
31,73.61,2281.91,10/28/2003 0:00,Shipped,10,2003,Vintage Cars,Burlingame,USA,Small
39,59.16,2307.24,1/12/2004 0:00,Shipped,1,2004,Vintage Cars,Osaka,Japan,Small
20,66.04,1320.8,2/20/2004 0:00,Shipped,2,2004,Vintage Cars,Melbourne,Australia,Small
34,77.73,2642.82,4/2/2004 0:00,Shipped,4,2004,Vintage Cars,Tsawassen,Canada,Small
50,61.22,3061.0,5/11/2004 0:00,Shipped,5,2004,Vintage Cars,San Jose,USA,Medium
40,79.11,3164.4,6/24/2004 0:00,Cancelled,6,2004,Vintage Cars,Madrid,Spain,Medium
28,63.97,1791.16,7/23/2004 0:00,Shipped,7,2004,Vintage Cars,Nantes,France,Small
50,81.86,4093.0,8/21/2004 0:00,Shipped,8,2004,Vintage Cars,Oslo,Norway,Medium
28,79.8,2234.4,9/16/2004 0:00,Shipped,9,2004,Vintage Cars,Dublin,Ireland,Small
46,66.04,3037.84,10/15/2004 0:00,Shipped,10,2004,Vintage Cars,White Plains,USA,Medium
24,59.16,1419.84,11/1/2004 0:00,Shipped,11,2004,Vintage Cars,Cowes,UK,Small
24,81.17,1948.08,11/12/2004 0:00,Shipped,11,2004,Vintage Cars,Bergamo,Italy,Small
39,59.16,2307.24,11/24/2004 0:00,Shipped,11,2004,Vintage Cars,Barcelona,Spain,Small
40,44.51,1780.4,12/4/2004 0:00,Shipped,12,2004,Vintage Cars,Glendale,USA,Small
49,72.33,3544.17,12/17/2004 0:00,Shipped,12,2004,Vintage Cars,Chatswood,Australia,Medium
44,82.26,3619.44,2/3/2005 0:00,Shipped,2,2005,Vintage Cars,Nantes,France,Medium
35,100.0,3918.95,3/3/2005 0:00,Shipped,3,2005,Vintage Cars,New Bedford,USA,Medium
22,67.41,1483.02,3/30/2005 0:00,Shipped,3,2005,Vintage Cars,Reims,France,Small
62,77.73,4819.26,4/3/2005 0:00,On Hold,4,2005,Vintage Cars,Newark,USA,Medium
26,61.22,1591.72,5/10/2005 0:00,Shipped,5,2005,Vintage Cars,Reggio Emilia,Italy,Small
31,100.0,3669.78,3/3/2003 0:00,Shipped,3,2003,Motorcycles,Makati City,Philippines,Medium
25,86.74,2168.5,5/7/2003 0:00,Shipped,5,2003,Motorcycles,Reims,France,Small
30,89.8,2694.0,7/2/2003 0:00,Shipped,7,2003,Motorcycles,San Rafael,USA,Small
27,100.0,3251.34,8/25/2003 0:00,Shipped,8,2003,Motorcycles,Pasadena,USA,Medium
23,100.0,2347.15,10/10/2003 0:00,Shipped,10,2003,Motorcycles,San Francisco,USA,Small
34,100.0,3920.88,11/4/2003 0:00,Shipped,11,2003,Motorcycles,North Sydney,Australia,Medium
22,100.0,2514.6,11/11/2003 0:00,Shipped,11,2003,Motorcycles,Lille,France,Small
42,85.72,3600.24,11/19/2003 0:00,Shipped,11,2003,Motorcycles,Madrid,Spain,Medium
37,100.0,4040.03,1/15/2004 0:00,Shipped,1,2004,Motorcycles,Paris,France,Medium
30,100.0,3336.9,2/21/2004 0:00,Shipped,2,2004,Motorcycles,Lille,France,Medium
27,100.0,3113.64,4/5/2004 0:00,Shipped,4,2004,Motorcycles,NYC,USA,Medium
25,100.0,2832.0,5/26/2004 0:00,Shipped,5,2004,Motorcycles,Paris,France,Small
34,97.97,3330.98,6/30/2004 0:00,Shipped,6,2004,Motorcycles,Boston,USA,Medium
38,100.0,4304.64,8/2/2004 0:00,Shipped,8,2004,Motorcycles,Brickhaven,USA,Medium
26,100.0,2600.26,8/27/2004 0:00,Shipped,8,2004,Motorcycles,Cambridge,USA,Small
38,100.0,4382.16,9/30/2004 0:00,Shipped,9,2004,Motorcycles,Helsinki,Finland,Medium
50,84.7,4235.0,10/15/2004 0:00,Shipped,10,2004,Motorcycles,Stavern,Norway,Medium
22,100.0,2626.8,11/3/2004 0:00,Shipped,11,2004,Motorcycles,NYC,USA,Small
32,100.0,5026.56,11/17/2004 0:00,Shipped,11,2004,Motorcycles,Philadelphia,USA,Medium
31,71.02,2201.62,11/24/2004 0:00,Shipped,11,2004,Motorcycles,Salzburg,Austria,Small
40,100.0,4326.8,12/7/2004 0:00,Shipped,12,2004,Motorcycles,Madrid,Spain,Medium
22,100.0,3425.18,1/7/2005 0:00,Shipped,1,2005,Motorcycles,New Bedford,USA,Medium
41,100.0,4701.88,2/3/2005 0:00,Shipped,2,2005,Motorcycles,Nantes,France,Medium
45,48.98,2204.1,3/4/2005 0:00,Shipped,3,2005,Motorcycles,San Rafael,USA,Small
45,100.0,5189.4,4/8/2005 0:00,Shipped,4,2005,Motorcycles,Liverpool,UK,Medium
39,40.15,1565.85,2/17/2003 0:00,Shipped,2,2003,Vintage Cars,Bergamo,Italy,Small
49,50.62,2480.38,4/29/2003 0:00,Shipped,4,2003,Vintage Cars,Melbourne,Australia,Small
27,50.19,1355.13,6/27/2003 0:00,Shipped,6,2003,Vintage Cars,Madrid,Spain,Small
34,36.66,1246.44,8/10/2003 0:00,Shipped,8,2003,Vintage Cars,New Bedford,USA,Small
20,41.02,820.4,10/8/2003 0:00,Shipped,10,2003,Vintage Cars,Madrid,Spain,Small
48,51.93,2492.64,10/28/2003 0:00,Shipped,10,2003,Vintage Cars,Burlingame,USA,Small
29,38.4,1113.6,12/1/2003 0:00,Shipped,12,2003,Vintage Cars,Burbank,USA,Small
43,41.02,1763.86,1/12/2004 0:00,Shipped,1,2004,Vintage Cars,Osaka,Japan,Small
41,46.26,1896.66,2/20/2004 0:00,Shipped,2,2004,Vintage Cars,Melbourne,Australia,Small
41,35.35,1449.35,4/2/2004 0:00,Shipped,4,2004,Vintage Cars,Tsawassen,Canada,Small
36,51.93,1869.48,5/11/2004 0:00,Shipped,5,2004,Vintage Cars,San Jose,USA,Small
49,37.97,1860.53,6/24/2004 0:00,Cancelled,6,2004,Vintage Cars,Madrid,Spain,Small
38,45.39,1724.82,7/23/2004 0:00,Shipped,7,2004,Vintage Cars,Nantes,France,Small
33,51.93,1713.69,8/21/2004 0:00,Shipped,8,2004,Vintage Cars,Oslo,Norway,Small
26,48.44,1259.44,9/15/2004 0:00,Shipped,9,2004,Vintage Cars,Munich,Germany,Small
47,43.64,2051.08,10/15/2004 0:00,Shipped,10,2004,Vintage Cars,White Plains,USA,Small
34,47.57,1617.38,11/1/2004 0:00,Shipped,11,2004,Vintage Cars,Cowes,UK,Small
34,51.93,1765.62,11/12/2004 0:00,Shipped,11,2004,Vintage Cars,Bergamo,Italy,Small
40,50.62,2024.8,11/24/2004 0:00,Shipped,11,2004,Vintage Cars,Barcelona,Spain,Small
40,82.21,3288.4,12/4/2004 0:00,Shipped,12,2004,Vintage Cars,Glendale,USA,Medium
33,82.59,2725.47,12/17/2004 0:00,Shipped,12,2004,Vintage Cars,Chatswood,Australia,Small
49,65.8,3224.2,2/3/2005 0:00,Shipped,2,2005,Vintage Cars,Nantes,France,Medium
27,100.0,3211.38,3/3/2005 0:00,Shipped,3,2005,Vintage Cars,New Bedford,USA,Medium
49,36.66,1796.34,3/30/2005 0:00,Shipped,3,2005,Vintage Cars,Reims,France,Small
56,35.35,1979.6,4/3/2005 0:00,On Hold,4,2005,Vintage Cars,Newark,USA,Small
37,51.93,1921.41,5/10/2005 0:00,Shipped,5,2005,Vintage Cars,Reggio Emilia,Italy,Small
33,100.0,3705.24,1/31/2003 0:00,Shipped,1,2003,Trucks and Buses,Madrid,Spain,Medium
27,100.0,2843.91,4/4/2003 0:00,Shipped,4,2003,Trucks and Buses,NYC,USA,Small
46,100.0,6176.42,6/3/2003 0:00,Shipped,6,2003,Trucks and Buses,NYC,USA,Medium
44,100.0,5500.44,8/1/2003 0:00,Shipped,8,2003,Trucks and Buses,Espoo,Finland,Medium
26,100.0,3220.1,9/21/2003 0:00,Shipped,9,2003,Trucks and Buses,Oulu,Finland,Medium
48,94.92,4556.16,10/22/2003 0:00,Shipped,10,2003,Trucks and Buses,Singapore,Singapore,Medium
23,100.0,3114.89,11/6/2003 0:00,Shipped,11,2003,Trucks and Buses,Reggio Emilia,Italy,Medium
45,100.0,4948.2,11/14/2003 0:00,Shipped,11,2003,Trucks and Buses,Sevilla,Spain,Medium
49,100.0,5161.17,11/25/2003 0:00,Shipped,11,2003,Trucks and Buses,White Plains,USA,Medium
28,94.92,2657.76,12/9/2003 0:00,Shipped,12,2003,Trucks and Buses,Boston,USA,Small
37,100.0,3983.05,2/12/2004 0:00,Shipped,2,2004,Trucks and Buses,Dublin,Ireland,Medium
34,100.0,3974.94,3/15/2004 0:00,Shipped,3,2004,Trucks and Buses,Frankfurt,Germany,Medium
22,100.0,2928.42,5/5/2004 0:00,Shipped,5,2004,Trucks and Buses,Madrid,Spain,Small
29,100.0,3054.57,6/15/2004 0:00,Shipped,6,2004,Trucks and Buses,Singapore,Singapore,Medium
34,98.39,3345.26,7/20/2004 0:00,Shipped,7,2004,Trucks and Buses,San Rafael,USA,Medium
38,100.0,4310.72,8/20/2004 0:00,Shipped,8,2004,Trucks and Buses,San Rafael,USA,Medium
41,100.0,4983.14,9/8/2004 0:00,Shipped,9,2004,Trucks and Buses,NYC,USA,Medium
42,100.0,4618.32,10/13/2004 0:00,Shipped,10,2004,Trucks and Buses,Cambridge,USA,Medium
28,100.0,3403.12,10/22/2004 0:00,Shipped,10,2004,Trucks and Buses,Aaarhus,Denmark,Medium
38,100.0,5190.42,11/5/2004 0:00,Shipped,11,2004,Trucks and Buses,Stavern,Norway,Medium
23,100.0,3141.57,11/20/2004 0:00,Shipped,11,2004,Trucks and Buses,Paris,France,Medium
31,71.4,2213.4,12/2/2004 0:00,Shipped,12,2004,Trucks and Buses,Madrid,Spain,Small
46,100.0,4896.7,12/15/2004 0:00,Shipped,12,2004,Trucks and Buses,Reims,France,Medium
48,56.55,2714.4,1/23/2005 0:00,Shipped,1,2005,Trucks and Buses,San Rafael,USA,Small
29,100.0,3087.05,2/22/2005 0:00,Shipped,2,2005,Trucks and Buses,Madrid,Spain,Medium
46,100.0,5692.96,3/17/2005 0:00,Shipped,3,2005,Trucks and Buses,Paris,France,Medium
26,100.0,3460.86,5/3/2005 0:00,Shipped,5,2005,Trucks and Buses,Madrid,Spain,Medium
18,100.0,1895.94,5/31/2005 0:00,In Process,5,2005,Trucks and Buses,Nantes,France,Small
32,53.31,1705.92,1/31/2003 0:00,Shipped,1,2003,Trains,Madrid,Spain,Small
21,49.21,1033.41,4/16/2003 0:00,Shipped,4,2003,Trains,Singapore,Singapore,Small
46,69.12,3179.52,6/3/2003 0:00,Shipped,6,2003,Trains,NYC,USA,Medium
42,49.79,2091.18,8/8/2003 0:00,Shipped,8,2003,Trains,San Rafael,USA,Small
31,57.41,1779.71,9/28/2003 0:00,Shipped,9,2003,Trains,Madrid,Spain,Small
38,66.78,2537.64,10/22/2003 0:00,Shipped,10,2003,Trains,Singapore,Singapore,Small
38,64.44,2448.72,11/6/2003 0:00,Shipped,11,2003,Trains,Reggio Emilia,Italy,Small
20,48.62,972.4,11/14/2003 0:00,Shipped,11,2003,Trains,New Bedford,USA,Small
46,62.09,2856.14,11/26/2003 0:00,Shipped,11,2003,Trains,New Haven,USA,Small
30,65.61,1968.3,1/2/2004 0:00,Shipped,1,2004,Trains,Lyon,France,Small
30,68.54,2056.2,2/12/2004 0:00,Shipped,2,2004,Trains,Dublin,Ireland,Small
43,52.14,2242.02,3/15/2004 0:00,Shipped,3,2004,Trains,Frankfurt,Germany,Small
49,63.85,3128.65,5/5/2004 0:00,Shipped,5,2004,Trains,Espoo,Finland,Medium
43,56.82,2443.26,7/20/2004 0:00,Shipped,7,2004,Trains,Allentown,USA,Small
37,66.78,2470.86,8/20/2004 0:00,Shipped,8,2004,Trains,San Rafael,USA,Small
35,55.07,1927.45,9/8/2004 0:00,Shipped,9,2004,Trains,NYC,USA,Small
34,60.34,2051.56,10/14/2004 0:00,Shipped,10,2004,Trains,Manchester,UK,Small
38,61.51,2337.38,10/22/2004 0:00,Shipped,10,2004,Trains,Aaarhus,Denmark,Small
44,100.0,5932.96,11/5/2004 0:00,Shipped,11,2004,Trains,Stavern,Norway,Medium
21,100.0,2296.77,11/21/2004 0:00,Shipped,11,2004,Trains,NYC,USA,Small
44,100.0,6490.88,12/2/2004 0:00,Shipped,12,2004,Trains,Madrid,Spain,Medium
25,64.93,1623.25,12/15/2004 0:00,Shipped,12,2004,Trains,Reims,France,Small
24,58.58,1405.92,1/26/2005 0:00,Shipped,1,2005,Trains,Minato-ku,Japan,Small
38,60.06,2282.28,2/22/2005 0:00,Shipped,2,2005,Trains,Madrid,Spain,Small
45,100.0,8977.05,3/17/2005 0:00,Shipped,3,2005,Trains,Paris,France,Large
51,63.85,3256.35,5/5/2005 0:00,Shipped,5,2005,Trains,Bridgewater,USA,Medium
34,82.99,2821.66,3/3/2003 0:00,Shipped,3,2003,Motorcycles,Makati City,Philippines,Small
44,74.85,3293.4,5/7/2003 0:00,Shipped,5,2003,Motorcycles,Reims,France,Medium
44,96.0,4224.0,7/2/2003 0:00,Shipped,7,2003,Motorcycles,San Rafael,USA,Medium
38,81.36,3091.68,8/25/2003 0:00,Shipped,8,2003,Motorcycles,Pasadena,USA,Medium
31,71.6,2219.6,10/10/2003 0:00,Shipped,10,2003,Motorcycles,San Francisco,USA,Small
48,80.55,3866.4,11/4/2003 0:00,Shipped,11,2003,Motorcycles,North Sydney,Australia,Medium
21,93.56,1964.76,11/11/2003 0:00,Shipped,11,2003,Motorcycles,Lille,France,Small
40,66.72,2668.8,11/19/2003 0:00,Shipped,11,2003,Motorcycles,Madrid,Spain,Small
40,80.55,3222.0,1/15/2004 0:00,Shipped,1,2004,Motorcycles,Paris,France,Medium
50,77.29,3864.5,2/21/2004 0:00,Shipped,2,2004,Motorcycles,Lille,France,Medium
20,68.34,1366.8,4/5/2004 0:00,Shipped,4,2004,Motorcycles,NYC,USA,Small
48,72.41,3475.68,5/26/2004 0:00,Shipped,5,2004,Motorcycles,Paris,France,Medium
47,89.5,4206.5,6/30/2004 0:00,Shipped,6,2004,Motorcycles,Boston,USA,Medium
21,70.78,1486.38,8/2/2004 0:00,Shipped,8,2004,Motorcycles,Brickhaven,USA,Small
39,78.92,3077.88,8/27/2004 0:00,Shipped,8,2004,Motorcycles,Cambridge,USA,Medium
44,80.55,3544.2,9/30/2004 0:00,Shipped,9,2004,Motorcycles,Helsinki,Finland,Medium
28,88.68,2483.04,10/15/2004 0:00,Shipped,10,2004,Motorcycles,Stavern,Norway,Small
45,77.29,3478.05,11/3/2004 0:00,Shipped,11,2004,Motorcycles,NYC,USA,Medium
20,100.0,3657.8,11/17/2004 0:00,Shipped,11,2004,Motorcycles,Philadelphia,USA,Medium
38,100.0,4682.36,11/24/2004 0:00,Shipped,11,2004,Motorcycles,Salzburg,Austria,Medium
26,100.0,3937.7,12/9/2004 0:00,Shipped,12,2004,Motorcycles,Paris,France,Medium
44,100.0,4984.32,1/7/2005 0:00,Shipped,1,2005,Motorcycles,New Bedford,USA,Medium
49,100.0,5406.66,2/3/2005 0:00,Shipped,2,2005,Motorcycles,Nantes,France,Medium
22,100.0,3491.18,3/4/2005 0:00,Shipped,3,2005,Motorcycles,San Rafael,USA,Medium
31,68.34,2118.54,4/8/2005 0:00,Shipped,4,2005,Motorcycles,Liverpool,UK,Small
41,70.67,2897.47,2/11/2003 0:00,Shipped,2,2003,Ships,Kobenhavn,Denmark,Small
25,76.67,1916.75,4/28/2003 0:00,Shipped,4,2003,Ships,Salzburg,Austria,Small
31,60.0,1860.0,6/12/2003 0:00,Shipped,6,2003,Ships,London,UK,Small
41,64.0,2624.0,8/8/2003 0:00,Shipped,8,2003,Ships,San Rafael,USA,Small
43,64.67,2780.81,9/28/2003 0:00,Shipped,9,2003,Ships,Madrid,Spain,Small
43,75.34,3239.62,10/23/2003 0:00,Cancelled,10,2003,Ships,Boras,Sweden,Medium
24,76.0,1824.0,11/7/2003 0:00,Shipped,11,2003,Ships,Madrid,Spain,Small
21,54.0,1134.0,11/14/2003 0:00,Shipped,11,2003,Ships,New Bedford,USA,Small
23,64.67,1487.41,11/26/2003 0:00,Shipped,11,2003,Ships,Barcelona,Spain,Small
38,74.67,2837.46,1/2/2004 0:00,Shipped,1,2004,Ships,Lyon,France,Small
31,62.67,1942.77,2/19/2004 0:00,Shipped,2,2004,Ships,San Diego,USA,Small
36,70.67,2544.12,3/29/2004 0:00,Shipped,3,2004,Ships,Newark,USA,Small
36,71.34,2568.24,5/7/2004 0:00,Cancelled,5,2004,Ships,NYC,USA,Small
34,62.0,2108.0,6/17/2004 0:00,Shipped,6,2004,Ships,Montreal,Canada,Small
21,65.34,1372.14,7/21/2004 0:00,Shipped,7,2004,Ships,Bruxelles,Belgium,Small
45,78.67,3540.15,8/20/2004 0:00,Shipped,8,2004,Ships,Tsawassen,Canada,Medium
26,75.34,1958.84,9/10/2004 0:00,Shipped,9,2004,Ships,Boston,USA,Small
50,54.0,2700.0,10/14/2004 0:00,Shipped,10,2004,Ships,Manchester,UK,Small
41,62.0,2542.0,10/29/2004 0:00,Shipped,10,2004,Ships,Nantes,France,Small
39,60.0,2340.0,11/9/2004 0:00,Shipped,11,2004,Ships,Lule,Sweden,Small
22,100.0,2816.44,11/23/2004 0:00,Shipped,11,2004,Ships,Minato-ku,Japan,Small
46,76.67,3526.82,12/2/2004 0:00,Shipped,12,2004,Ships,Madrid,Spain,Medium
44,100.0,4627.92,1/31/2005 0:00,Shipped,1,2005,Ships,Oulu,Finland,Medium
25,77.34,1933.5,2/28/2005 0:00,Shipped,2,2005,Ships,San Rafael,USA,Small
39,66.67,2600.13,3/23/2005 0:00,Shipped,3,2005,Ships,San Rafael,USA,Small
37,71.34,2639.58,5/6/2005 0:00,On Hold,5,2005,Ships,Boston,USA,Small
31,100.0,3312.97,2/17/2003 0:00,Shipped,2,2003,Planes,Bergamo,Italy,Medium
47,82.21,3863.87,4/29/2003 0:00,Shipped,4,2003,Planes,Melbourne,Australia,Medium
24,77.64,1863.36,6/27/2003 0:00,Shipped,6,2003,Planes,Madrid,Spain,Small
36,100.0,3945.96,8/10/2003 0:00,Shipped,8,2003,Planes,New Bedford,USA,Medium
48,100.0,4954.08,10/8/2003 0:00,Shipped,10,2003,Planes,Madrid,Spain,Medium
28,98.65,2762.2,10/28/2003 0:00,Shipped,10,2003,Planes,Burlingame,USA,Small
48,83.12,3989.76,12/1/2003 0:00,Shipped,12,2003,Planes,Burbank,USA,Medium
21,78.55,1649.55,1/12/2004 0:00,Shipped,1,2004,Planes,Osaka,Japan,Small
25,100.0,2534.75,2/20/2004 0:00,Shipped,2,2004,Planes,Melbourne,Australia,Small
25,100.0,2580.25,4/2/2004 0:00,Shipped,4,2004,Planes,Tsawassen,Canada,Small
31,91.34,2831.54,5/11/2004 0:00,Shipped,5,2004,Planes,San Jose,USA,Small
40,84.03,3361.2,6/24/2004 0:00,Cancelled,6,2004,Planes,Madrid,Spain,Medium
32,89.51,2864.32,7/23/2004 0:00,Shipped,7,2004,Planes,Nantes,France,Small
24,83.12,1994.88,8/21/2004 0:00,Shipped,8,2004,Planes,Oslo,Norway,Small
42,100.0,4296.6,9/15/2004 0:00,Shipped,9,2004,Planes,Munich,Germany,Medium
21,100.0,2224.95,10/15/2004 0:00,Shipped,10,2004,Planes,White Plains,USA,Small
34,82.21,2795.14,11/1/2004 0:00,Shipped,11,2004,Planes,Cowes,UK,Small
27,100.0,2762.1,11/12/2004 0:00,Shipped,11,2004,Planes,Bergamo,Italy,Small
30,88.6,2658.0,11/24/2004 0:00,Shipped,11,2004,Planes,Barcelona,Spain,Small
39,100.0,5043.87,12/4/2004 0:00,Shipped,12,2004,Planes,Glendale,USA,Medium
20,60.54,1210.8,12/17/2004 0:00,Shipped,12,2004,Planes,Chatswood,Australia,Small
37,81.87,3029.19,2/3/2005 0:00,Shipped,2,2005,Planes,Nantes,France,Medium
46,100.0,10066.6,3/3/2005 0:00,Shipped,3,2005,Planes,New Bedford,USA,Large
47,87.69,4121.43,3/30/2005 0:00,Shipped,3,2005,Planes,Reims,France,Medium
11,100.0,1135.31,4/3/2005 0:00,On Hold,4,2005,Planes,Newark,USA,Small
23,91.34,2100.82,5/10/2005 0:00,Shipped,5,2005,Planes,Reggio Emilia,Italy,Small
29,70.15,2034.35,2/11/2003 0:00,Shipped,2,2003,Ships,Kobenhavn,Denmark,Small
38,79.68,3027.84,4/16/2003 0:00,Shipped,4,2003,Ships,Singapore,Singapore,Medium
32,97.0,3104.0,6/6/2003 0:00,Shipped,6,2003,Ships,Madrid,Spain,Medium
43,84.01,3612.43,8/8/2003 0:00,Shipped,8,2003,Ships,San Rafael,USA,Medium
31,87.48,2711.88,9/28/2003 0:00,Shipped,9,2003,Ships,Madrid,Spain,Small
29,100.0,3013.97,10/21/2003 0:00,Shipped,10,2003,Ships,New Bedford,USA,Medium
31,88.34,2738.54,11/7/2003 0:00,Shipped,11,2003,Ships,Madrid,Spain,Small
30,94.4,2832.0,11/14/2003 0:00,Shipped,11,2003,Ships,New Bedford,USA,Small
50,94.4,4720.0,11/26/2003 0:00,Shipped,11,2003,Ships,New Haven,USA,Medium
40,80.55,3222.0,1/2/2004 0:00,Shipped,1,2004,Ships,Lyon,France,Medium
23,97.0,2231.0,2/18/2004 0:00,Shipped,2,2004,Ships,Bruxelles,Belgium,Small
26,88.34,2296.84,3/20/2004 0:00,Shipped,3,2004,Ships,Cowes,UK,Small
40,100.0,4157.2,5/7/2004 0:00,Cancelled,5,2004,Ships,NYC,USA,Medium
21,100.0,2146.2,7/21/2004 0:00,Shipped,7,2004,Ships,Bruxelles,Belgium,Small
43,86.61,3724.23,8/20/2004 0:00,Shipped,8,2004,Ships,San Rafael,USA,Medium
29,71.89,2084.81,9/9/2004 0:00,Shipped,9,2004,Ships,Torino,Italy,Small
38,91.81,3488.78,10/14/2004 0:00,Shipped,10,2004,Ships,Manchester,UK,Medium
23,76.22,1753.06,10/22/2004 0:00,Shipped,10,2004,Ships,Aaarhus,Denmark,Small
20,100.0,3469.2,11/10/2004 0:00,Resolved,11,2004,Ships,Kobenhavn,Denmark,Medium
36,70.3,2530.8,11/21/2004 0:00,Shipped,11,2004,Ships,NYC,USA,Small
28,100.0,2924.32,12/2/2004 0:00,Shipped,12,2004,Ships,Madrid,Spain,Small
44,100.0,4496.8,1/26/2005 0:00,Shipped,1,2005,Ships,Minato-ku,Japan,Medium
49,100.0,6397.44,2/23/2005 0:00,Shipped,2,2005,Ships,San Francisco,USA,Medium
32,80.55,2577.6,3/28/2005 0:00,Shipped,3,2005,Ships,Toulouse,France,Small
34,100.0,3533.62,5/6/2005 0:00,On Hold,5,2005,Ships,Boston,USA,Medium
30,100.0,3177.3,2/17/2003 0:00,Shipped,2,2003,Ships,Bergamo,Italy,Medium
29,94.14,2730.06,4/28/2003 0:00,Shipped,4,2003,Ships,Salzburg,Austria,Small
22,85.99,1891.78,6/16/2003 0:00,Shipped,6,2003,Ships,Glendale,USA,Small
26,100.0,2612.48,8/10/2003 0:00,Shipped,8,2003,Ships,New Bedford,USA,Small
32,91.43,2925.76,10/6/2003 0:00,Shipped,10,2003,Ships,Helsinki,Finland,Small
29,100.0,2940.02,10/23/2003 0:00,Cancelled,10,2003,Ships,Boras,Sweden,Small
34,96.86,3293.24,11/8/2003 0:00,Shipped,11,2003,Ships,Toulouse,France,Medium
24,99.57,2389.68,11/14/2003 0:00,Shipped,11,2003,Ships,London,UK,Small
24,90.52,2172.48,11/26/2003 0:00,Shipped,11,2003,Ships,Barcelona,Spain,Small
33,88.71,2927.43,1/9/2004 0:00,Shipped,1,2004,Ships,Los Angeles,USA,Small
26,100.0,2659.54,2/19/2004 0:00,Shipped,2,2004,Ships,San Diego,USA,Small
40,95.95,3838.0,5/8/2004 0:00,Shipped,5,2004,Ships,Cambridge,USA,Medium
44,94.14,4142.16,6/24/2004 0:00,Cancelled,6,2004,Ships,Madrid,Spain,Medium
24,90.52,2172.48,7/21/2004 0:00,Shipped,7,2004,Ships,Brickhaven,USA,Small
20,94.14,1882.8,8/20/2004 0:00,Shipped,8,2004,Ships,Tsawassen,Canada,Small
34,100.0,3477.86,9/15/2004 0:00,Shipped,9,2004,Ships,Munich,Germany,Medium
34,97.76,3323.84,10/14/2004 0:00,Shipped,10,2004,Ships,Philadelphia,USA,Medium
45,93.24,4195.8,11/1/2004 0:00,Shipped,11,2004,Ships,Cowes,UK,Medium
41,100.0,4156.58,11/12/2004 0:00,Shipped,11,2004,Ships,Bergamo,Italy,Medium
55,71.25,3918.75,11/23/2004 0:00,Shipped,11,2004,Ships,Minato-ku,Japan,Medium
23,100.0,2352.67,12/3/2004 0:00,Shipped,12,2004,Ships,Brickhaven,USA,Small
24,45.39,1089.36,12/17/2004 0:00,Shipped,12,2004,Ships,Chatswood,Australia,Small
32,84.41,2701.12,1/31/2005 0:00,Shipped,1,2005,Ships,Oulu,Finland,Small
29,85.76,2487.04,3/1/2005 0:00,Resolved,3,2005,Ships,Madrid,Spain,Small
36,100.0,3910.32,3/30/2005 0:00,Shipped,3,2005,Ships,Reims,France,Medium
46,87.8,4038.8,4/1/2005 0:00,Shipped,4,2005,Ships,San Jose,USA,Medium
32,95.95,3070.4,5/9/2005 0:00,Disputed,5,2005,Ships,Glen Waverly,Australia,Medium
34,100.0,3763.46,2/17/2003 0:00,Shipped,2,2003,Planes,Bergamo,Italy,Medium
24,100.0,2584.8,4/29/2003 0:00,Shipped,4,2003,Planes,Melbourne,Australia,Small
40,100.0,4427.6,6/16/2003 0:00,Shipped,6,2003,Planes,Glendale,USA,Medium
26,82.77,2152.02,8/10/2003 0:00,Shipped,8,2003,Planes,New Bedford,USA,Small
20,100.0,2353.4,10/6/2003 0:00,Shipped,10,2003,Planes,Helsinki,Finland,Small
31,100.0,3431.39,10/28/2003 0:00,Shipped,10,2003,Planes,Burlingame,USA,Medium
22,87.75,1930.5,11/8/2003 0:00,Shipped,11,2003,Planes,Toulouse,France,Small
42,100.0,4774.56,11/27/2003 0:00,Shipped,11,2003,Planes,Makati City,Philippines,Medium
26,99.72,2592.72,1/12/2004 0:00,Shipped,1,2004,Planes,Osaka,Japan,Small
37,87.75,3246.75,2/19/2004 0:00,Shipped,2,2004,Planes,San Diego,USA,Medium
38,88.75,3372.5,4/2/2004 0:00,Shipped,4,2004,Planes,Tsawassen,Canada,Medium
35,100.0,3909.15,5/11/2004 0:00,Shipped,5,2004,Planes,San Jose,USA,Medium
33,90.75,2994.75,6/24/2004 0:00,Cancelled,6,2004,Planes,Madrid,Spain,Small
39,100.0,4472.52,7/23/2004 0:00,Shipped,7,2004,Planes,Nantes,France,Medium
45,100.0,4576.95,8/21/2004 0:00,Shipped,8,2004,Planes,Oslo,Norway,Medium
24,100.0,2441.04,9/15/2004 0:00,Shipped,9,2004,Planes,Munich,Germany,Small
35,88.75,3106.25,10/15/2004 0:00,Shipped,10,2004,Planes,White Plains,USA,Medium
23,100.0,2706.41,11/1/2004 0:00,Shipped,11,2004,Planes,Cowes,UK,Small
37,100.0,4021.53,11/12/2004 0:00,Shipped,11,2004,Planes,Bergamo,Italy,Medium
55,87.75,4826.25,11/24/2004 0:00,Shipped,11,2004,Planes,Barcelona,Spain,Medium
49,100.0,4935.28,12/3/2004 0:00,Shipped,12,2004,Planes,Brickhaven,USA,Medium
26,100.0,2754.7,12/17/2004 0:00,Shipped,12,2004,Planes,Chatswood,Australia,Small
33,100.0,3856.71,2/3/2005 0:00,Shipped,2,2005,Planes,Nantes,France,Medium
37,83.84,3102.08,3/1/2005 0:00,Resolved,3,2005,Planes,Madrid,Spain,Medium
22,86.76,1908.72,3/30/2005 0:00,Shipped,3,2005,Planes,Reims,France,Small
85,88.75,7543.75,4/3/2005 0:00,On Hold,4,2005,Planes,Newark,USA,Large
22,100.0,2457.18,5/10/2005 0:00,Shipped,5,2005,Planes,Reggio Emilia,Italy,Small
31,65.77,2038.87,2/11/2003 0:00,Shipped,2,2003,Ships,Kobenhavn,Denmark,Small
38,65.77,2499.26,4/28/2003 0:00,Shipped,4,2003,Ships,Salzburg,Austria,Small
45,85.29,3838.05,6/12/2003 0:00,Shipped,6,2003,Ships,London,UK,Medium
31,85.29,2643.99,8/10/2003 0:00,Shipped,8,2003,Ships,New Bedford,USA,Small
36,64.33,2315.88,10/2/2003 0:00,Shipped,10,2003,Ships,Glendale,USA,Small
46,70.11,3225.06,10/23/2003 0:00,Cancelled,10,2003,Ships,Boras,Sweden,Medium
32,76.62,2451.84,11/7/2003 0:00,Shipped,11,2003,Ships,Madrid,Spain,Small
39,57.82,2254.98,11/14/2003 0:00,Shipped,11,2003,Ships,New Bedford,USA,Small
50,78.79,3939.5,11/26/2003 0:00,Shipped,11,2003,Ships,Barcelona,Spain,Medium
46,74.45,3424.7,1/2/2004 0:00,Shipped,1,2004,Ships,Lyon,France,Medium
36,80.95,2914.2,2/19/2004 0:00,Shipped,2,2004,Ships,San Diego,USA,Small
29,82.4,2389.6,3/29/2004 0:00,Shipped,3,2004,Ships,Newark,USA,Small
32,75.89,2428.48,5/7/2004 0:00,Cancelled,5,2004,Ships,NYC,USA,Small
44,68.67,3021.48,6/17/2004 0:00,Shipped,6,2004,Ships,Montreal,Canada,Medium
42,62.16,2610.72,7/21/2004 0:00,Shipped,7,2004,Ships,Bruxelles,Belgium,Small
47,65.77,3091.19,8/20/2004 0:00,Shipped,8,2004,Ships,Tsawassen,Canada,Medium
44,58.55,2576.2,9/10/2004 0:00,Shipped,9,2004,Ships,Boston,USA,Small
43,75.17,3232.31,10/14/2004 0:00,Shipped,10,2004,Ships,Manchester,UK,Medium
48,74.45,3573.6,11/1/2004 0:00,Shipped,11,2004,Ships,Cowes,UK,Medium
21,96.31,2022.51,11/10/2004 0:00,Resolved,11,2004,Ships,Kobenhavn,Denmark,Small
50,74.35,3717.5,11/23/2004 0:00,Shipped,11,2004,Ships,Minato-ku,Japan,Medium
29,75.35,2185.15,12/2/2004 0:00,Shipped,12,2004,Ships,Madrid,Spain,Small
41,70.33,2883.53,1/31/2005 0:00,Shipped,1,2005,Ships,Oulu,Finland,Small
37,100.0,5017.57,3/1/2005 0:00,Resolved,3,2005,Ships,Madrid,Spain,Medium
22,66.5,1463.0,3/28/2005 0:00,Shipped,3,2005,Ships,Toulouse,France,Small
31,75.89,2352.59,5/6/2005 0:00,On Hold,5,2005,Ships,Boston,USA,Small
42,100.0,4460.82,1/29/2003 0:00,Shipped,1,2003,Classic Cars,Stavern,Norway,Medium
42,100.0,4758.18,4/1/2003 0:00,Shipped,4,2003,Classic Cars,Paris,France,Medium
45,100.0,4597.2,5/28/2003 0:00,Shipped,5,2003,Classic Cars,Madrid,Spain,Medium
36,100.0,4114.8,7/24/2003 0:00,Shipped,7,2003,Classic Cars,Burlingame,USA,Medium
20,100.0,2104.0,9/19/2003 0:00,Shipped,9,2003,Classic Cars,Singapore,Singapore,Small
39,81.93,3195.27,10/21/2003 0:00,Resolved,10,2003,Classic Cars,Graz,Austria,Medium
42,85.98,3611.16,11/6/2003 0:00,Shipped,11,2003,Classic Cars,London,UK,Medium
23,86.99,2000.77,11/13/2003 0:00,Shipped,11,2003,Classic Cars,Philadelphia,USA,Small
26,89.01,2314.26,11/25/2003 0:00,Shipped,11,2003,Classic Cars,Lyon,France,Small
33,100.0,3871.89,12/5/2003 0:00,Shipped,12,2003,Classic Cars,Vancouver,Canada,Medium
31,88.0,2728.0,2/4/2004 0:00,Shipped,2,2004,Classic Cars,Singapore,Singapore,Small
50,100.0,5614.0,3/11/2004 0:00,Shipped,3,2004,Classic Cars,San Rafael,USA,Medium
44,100.0,4628.8,5/4/2004 0:00,Shipped,5,2004,Classic Cars,New Haven,USA,Medium
45,80.92,3641.4,6/15/2004 0:00,Shipped,6,2004,Classic Cars,Minato-ku,Japan,Medium
46,88.0,4048.0,7/19/2004 0:00,Shipped,7,2004,Classic Cars,Chatswood,Australia,Medium
27,85.98,2321.46,8/19/2004 0:00,Shipped,8,2004,Classic Cars,Allentown,USA,Small
28,100.0,3256.96,9/8/2004 0:00,Shipped,9,2004,Classic Cars,Boras,Sweden,Medium
40,100.0,4208.0,10/11/2004 0:00,Shipped,10,2004,Classic Cars,Versailles,France,Medium
30,99.13,2973.9,10/22/2004 0:00,Shipped,10,2004,Classic Cars,Vancouver,Canada,Small
34,100.0,4248.3,11/5/2004 0:00,Shipped,11,2004,Classic Cars,NYC,USA,Medium
46,100.0,9558.8,11/20/2004 0:00,Shipped,11,2004,Classic Cars,Paris,France,Large
32,82.83,2650.56,11/1/2004 0:00,Shipped,11,2004,Classic Cars,Madrid,Spain,Small
27,100.0,3761.37,12/10/2004 0:00,Shipped,12,2004,Classic Cars,Madrid,Spain,Medium
34,100.0,4301.34,1/23/2005 0:00,Shipped,1,2005,Classic Cars,San Rafael,USA,Medium
34,54.84,1864.56,2/17/2005 0:00,Shipped,2,2005,Classic Cars,San Rafael,USA,Small
34,100.0,3576.8,5/1/2005 0:00,Shipped,5,2005,Classic Cars,Montreal,Canada,Medium
46,80.92,3722.32,5/31/2005 0:00,In Process,5,2005,Classic Cars,Madrid,Spain,Medium
32,100.0,3986.56,2/17/2003 0:00,Shipped,2,2003,Planes,Bergamo,Italy,Medium
24,100.0,3417.12,4/29/2003 0:00,Shipped,4,2003,Planes,Melbourne,Australia,Medium
27,99.67,2691.09,6/27/2003 0:00,Shipped,6,2003,Planes,Madrid,Spain,Small
20,100.0,2752.6,8/25/2003 0:00,Shipped,8,2003,Planes,Pasadena,USA,Small
36,100.0,4527.72,10/28/2003 0:00,Shipped,10,2003,Planes,Burlingame,USA,Medium
29,100.0,3957.05,11/18/2003 0:00,Shipped,11,2003,Planes,Bergen,Norway,Medium
25,100.0,2818.0,1/12/2004 0:00,Shipped,1,2004,Planes,Osaka,Japan,Small
29,100.0,3199.86,2/20/2004 0:00,Shipped,2,2004,Planes,Melbourne,Australia,Medium
25,96.11,2402.75,4/2/2004 0:00,Shipped,4,2004,Planes,Tsawassen,Canada,Small
44,100.0,6055.72,5/11/2004 0:00,Shipped,5,2004,Planes,San Jose,USA,Medium
47,100.0,5465.16,6/28/2004 0:00,Shipped,6,2004,Planes,Bridgewater,USA,Medium
48,100.0,6378.72,7/23/2004 0:00,Shipped,7,2004,Planes,Nantes,France,Medium
45,100.0,5392.8,8/27/2004 0:00,Shipped,8,2004,Planes,Cambridge,USA,Medium
35,100.0,3986.5,9/16/2004 0:00,Shipped,9,2004,Planes,Dublin,Ireland,Medium
31,100.0,4009.23,10/15/2004 0:00,Shipped,10,2004,Planes,White Plains,USA,Medium
50,100.0,7119.0,11/2/2004 0:00,Shipped,11,2004,Planes,Allentown,USA,Large
33,100.0,4072.2,11/12/2004 0:00,Shipped,11,2004,Planes,Bergamo,Italy,Medium
29,100.0,4094.51,11/24/2004 0:00,Shipped,11,2004,Planes,Barcelona,Spain,Medium
48,68.8,3302.4,12/4/2004 0:00,Shipped,12,2004,Planes,Glendale,USA,Medium
44,72.42,3186.48,12/17/2004 0:00,Shipped,12,2004,Planes,Chatswood,Australia,Medium
25,66.73,1668.25,2/3/2005 0:00,Shipped,2,2005,Planes,Nantes,France,Small
50,100.0,7154.5,3/3/2005 0:00,Shipped,3,2005,Planes,New Bedford,USA,Large
23,100.0,2810.83,3/30/2005 0:00,Shipped,3,2005,Planes,Reims,France,Small
21,96.11,2018.31,4/3/2005 0:00,On Hold,4,2005,Planes,Newark,USA,Small
41,100.0,5642.83,5/10/2005 0:00,Shipped,5,2005,Planes,Reggio Emilia,Italy,Medium
44,74.4,3273.6,2/17/2003 0:00,Shipped,2,2003,Planes,Bergamo,Italy,Medium
43,76.0,3268.0,4/29/2003 0:00,Shipped,4,2003,Planes,Melbourne,Australia,Medium
28,96.0,2688.0,8/10/2003 0:00,Shipped,8,2003,Planes,New Bedford,USA,Small
43,86.4,3715.2,10/6/2003 0:00,Shipped,10,2003,Planes,Helsinki,Finland,Medium
48,96.0,4608.0,10/28/2003 0:00,Shipped,10,2003,Planes,Burlingame,USA,Medium
38,82.4,3131.2,12/1/2003 0:00,Shipped,12,2003,Planes,Burbank,USA,Medium
31,86.4,2678.4,1/12/2004 0:00,Shipped,1,2004,Planes,Osaka,Japan,Small
26,67.2,1747.2,2/20/2004 0:00,Shipped,2,2004,Planes,Melbourne,Australia,Small
32,92.0,2944.0,4/2/2004 0:00,Shipped,4,2004,Planes,Tsawassen,Canada,Small
44,67.2,2956.8,5/11/2004 0:00,Shipped,5,2004,Planes,San Jose,USA,Small
27,76.0,2052.0,6/24/2004 0:00,Cancelled,6,2004,Planes,Madrid,Spain,Small
43,73.6,3164.8,7/23/2004 0:00,Shipped,7,2004,Planes,Nantes,France,Medium
25,69.6,1740.0,8/21/2004 0:00,Shipped,8,2004,Planes,Oslo,Norway,Small
22,80.8,1777.6,9/15/2004 0:00,Shipped,9,2004,Planes,Munich,Germany,Small
21,87.2,1831.2,10/15/2004 0:00,Shipped,10,2004,Planes,White Plains,USA,Small
48,75.2,3609.6,11/1/2004 0:00,Shipped,11,2004,Planes,Cowes,UK,Medium
33,64.0,2112.0,11/12/2004 0:00,Shipped,11,2004,Planes,Bergamo,Italy,Small
34,100.0,3644.12,11/24/2004 0:00,Shipped,11,2004,Planes,Salzburg,Austria,Medium
43,81.95,3523.85,12/4/2004 0:00,Shipped,12,2004,Planes,Glendale,USA,Medium
44,100.0,5001.92,12/17/2004 0:00,Shipped,12,2004,Planes,Chatswood,Australia,Medium
44,100.0,5208.72,2/3/2005 0:00,Shipped,2,2005,Planes,Nantes,France,Medium
32,94.34,3018.88,3/1/2005 0:00,Resolved,3,2005,Planes,Madrid,Spain,Medium
29,65.6,1902.4,3/30/2005 0:00,Shipped,3,2005,Planes,Reims,France,Small
77,92.0,7084.0,4/3/2005 0:00,On Hold,4,2005,Planes,Newark,USA,Large
39,67.2,2620.8,5/10/2005 0:00,Shipped,5,2005,Planes,Reggio Emilia,Italy,Small
39,81.14,3164.46,2/11/2003 0:00,Shipped,2,2003,Ships,Kobenhavn,Denmark,Medium
36,100.0,4219.2,4/21/2003 0:00,Shipped,4,2003,Ships,Barcelona,Spain,Medium
42,91.15,3828.3,6/12/2003 0:00,Shipped,6,2003,Ships,London,UK,Medium
21,100.0,2334.99,8/8/2003 0:00,Shipped,8,2003,Ships,San Rafael,USA,Small
50,88.15,4407.5,9/28/2003 0:00,Shipped,9,2003,Ships,Madrid,Spain,Medium
24,100.0,2812.8,10/23/2003 0:00,Cancelled,10,2003,Ships,Boras,Sweden,Small
44,92.16,4055.04,11/7/2003 0:00,Shipped,11,2003,Ships,Madrid,Spain,Medium
37,100.0,3891.66,11/14/2003 0:00,Shipped,11,2003,Ships,New Bedford,USA,Medium
27,92.16,2488.32,11/26/2003 0:00,Shipped,11,2003,Ships,Barcelona,Spain,Small
37,100.0,4447.4,1/2/2004 0:00,Shipped,1,2004,Ships,Lyon,France,Medium
38,100.0,4187.22,2/19/2004 0:00,Shipped,2,2004,Ships,San Diego,USA,Medium
48,96.16,4615.68,3/20/2004 0:00,Shipped,3,2004,Ships,Cowes,UK,Medium
30,100.0,3245.4,5/7/2004 0:00,Cancelled,5,2004,Ships,NYC,USA,Medium
25,88.15,2203.75,6/17/2004 0:00,Shipped,6,2004,Ships,Montreal,Canada,Small
40,86.15,3446.0,7/21/2004 0:00,Shipped,7,2004,Ships,Bruxelles,Belgium,Medium
22,88.15,1939.3,8/20/2004 0:00,Shipped,8,2004,Ships,Tsawassen,Canada,Small
34,100.0,3473.78,9/10/2004 0:00,Shipped,9,2004,Ships,Boston,USA,Medium
32,90.15,2884.8,10/14/2004 0:00,Shipped,10,2004,Ships,Manchester,UK,Small
31,86.15,2670.65,10/29/2004 0:00,Shipped,10,2004,Ships,Nantes,France,Small
43,80.0,3440.0,11/10/2004 0:00,Resolved,11,2004,Ships,Kobenhavn,Denmark,Medium
31,89.38,2770.78,11/21/2004 0:00,Shipped,11,2004,Ships,NYC,USA,Small
31,77.34,2397.54,12/2/2004 0:00,Shipped,12,2004,Ships,Madrid,Spain,Small
34,96.34,3275.56,1/31/2005 0:00,Shipped,1,2005,Ships,Oulu,Finland,Medium
45,92.08,4143.6,3/1/2005 0:00,Resolved,3,2005,Ships,Madrid,Spain,Medium
48,100.0,5192.64,3/28/2005 0:00,Shipped,3,2005,Ships,Toulouse,France,Medium
28,100.0,3029.04,5/6/2005 0:00,On Hold,5,2005,Ships,Boston,USA,Medium
22,100.0,2556.18,2/11/2003 0:00,Shipped,2,2003,Ships,Kobenhavn,Denmark,Small
45,83.42,3753.9,4/16/2003 0:00,Shipped,4,2003,Ships,Singapore,Singapore,Medium
30,85.41,2562.3,6/12/2003 0:00,Shipped,6,2003,Ships,London,UK,Small
38,85.41,3245.58,8/8/2003 0:00,Shipped,8,2003,Ships,San Rafael,USA,Medium
20,100.0,2204.6,9/28/2003 0:00,Shipped,9,2003,Ships,Madrid,Spain,Small
28,100.0,3003.0,10/23/2003 0:00,Cancelled,10,2003,Ships,Boras,Sweden,Medium
24,100.0,2526.48,11/7/2003 0:00,Shipped,11,2003,Ships,Madrid,Spain,Small
22,79.45,1747.9,11/14/2003 0:00,Shipped,11,2003,Ships,New Bedford,USA,Small
35,93.35,3267.25,11/26/2003 0:00,Shipped,11,2003,Ships,Barcelona,Spain,Medium
33,85.41,2818.53,1/2/2004 0:00,Shipped,1,2004,Ships,Lyon,France,Small
31,95.34,2955.54,2/19/2004 0:00,Shipped,2,2004,Ships,San Diego,USA,Small
35,82.43,2885.05,3/20/2004 0:00,Shipped,3,2004,Ships,Cowes,UK,Small
35,90.37,3162.95,5/7/2004 0:00,Cancelled,5,2004,Ships,NYC,USA,Medium
50,81.43,4071.5,6/17/2004 0:00,Shipped,6,2004,Ships,Montreal,Canada,Medium
26,100.0,2969.46,7/21/2004 0:00,Shipped,7,2004,Ships,Bruxelles,Belgium,Small
38,89.38,3396.44,8/20/2004 0:00,Shipped,8,2004,Ships,Tsawassen,Canada,Medium
45,100.0,4692.6,9/10/2004 0:00,Shipped,9,2004,Ships,Brickhaven,USA,Medium
30,100.0,3515.7,10/14/2004 0:00,Shipped,10,2004,Ships,Manchester,UK,Medium
37,91.37,3380.69,10/29/2004 0:00,Shipped,10,2004,Ships,Nantes,France,Medium
37,86.61,3204.57,11/10/2004 0:00,Resolved,11,2004,Ships,Kobenhavn,Denmark,Medium
36,71.89,2588.04,11/21/2004 0:00,Shipped,11,2004,Ships,NYC,USA,Small
25,100.0,2854.75,12/2/2004 0:00,Shipped,12,2004,Ships,Madrid,Spain,Small
37,100.0,4025.6,1/31/2005 0:00,Shipped,1,2005,Ships,Oulu,Finland,Medium
30,95.48,2864.4,3/1/2005 0:00,Resolved,3,2005,Ships,Madrid,Spain,Small
36,100.0,3789.72,3/28/2005 0:00,Shipped,3,2005,Ships,Toulouse,France,Medium
27,90.37,2439.99,5/6/2005 0:00,On Hold,5,2005,Ships,Boston,USA,Small
48,61.44,2949.12,2/17/2003 0:00,Shipped,2,2003,Planes,Bergamo,Italy,Small
26,59.22,1539.72,4/28/2003 0:00,Shipped,4,2003,Planes,Salzburg,Austria,Small
26,85.13,2213.38,6/16/2003 0:00,Shipped,6,2003,Planes,Glendale,USA,Small
34,85.87,2919.58,8/10/2003 0:00,Shipped,8,2003,Planes,New Bedford,USA,Small
44,85.87,3778.28,10/6/2003 0:00,Shipped,10,2003,Planes,Helsinki,Finland,Medium
39,82.91,3233.49,10/28/2003 0:00,Shipped,10,2003,Planes,Burlingame,USA,Medium
45,76.25,3431.25,11/8/2003 0:00,Shipped,11,2003,Planes,Toulouse,France,Medium
40,63.67,2546.8,11/27/2003 0:00,Shipped,11,2003,Planes,Makati City,Philippines,Small
42,70.33,2953.86,1/12/2004 0:00,Shipped,1,2004,Planes,Osaka,Japan,Small
43,74.03,3183.29,2/19/2004 0:00,Shipped,2,2004,Planes,San Diego,USA,Medium
34,72.55,2466.7,4/2/2004 0:00,Shipped,4,2004,Planes,Tsawassen,Canada,Small
38,62.19,2363.22,5/11/2004 0:00,Shipped,5,2004,Planes,San Jose,USA,Small
35,71.07,2487.45,6/24/2004 0:00,Cancelled,6,2004,Planes,Madrid,Spain,Small
31,72.55,2249.05,7/23/2004 0:00,Shipped,7,2004,Planes,Nantes,France,Small
32,64.41,2061.12,8/21/2004 0:00,Shipped,8,2004,Planes,Oslo,Norway,Small
47,86.62,4071.14,9/15/2004 0:00,Shipped,9,2004,Planes,Munich,Germany,Medium
39,68.11,2656.29,10/15/2004 0:00,Shipped,10,2004,Planes,White Plains,USA,Small
44,62.19,2736.36,11/1/2004 0:00,Shipped,11,2004,Planes,Cowes,UK,Small
39,85.87,3348.93,11/12/2004 0:00,Shipped,11,2004,Planes,Bergamo,Italy,Medium
50,57.86,2893.0,11/23/2004 0:00,Shipped,11,2004,Planes,Minato-ku,Japan,Small
22,75.51,1661.22,12/3/2004 0:00,Shipped,12,2004,Planes,Brickhaven,USA,Small
35,100.0,4277.35,12/17/2004 0:00,Shipped,12,2004,Planes,Chatswood,Australia,Medium
45,55.62,2502.9,1/31/2005 0:00,Shipped,1,2005,Planes,Oulu,Finland,Small
44,86.4,3801.6,3/1/2005 0:00,Resolved,3,2005,Planes,Madrid,Spain,Medium
36,87.36,3144.96,3/30/2005 0:00,Shipped,3,2005,Planes,Reims,France,Medium
28,72.55,2031.4,4/3/2005 0:00,On Hold,4,2005,Planes,Newark,USA,Small
43,62.19,2674.17,5/10/2005 0:00,Shipped,5,2005,Planes,Reggio Emilia,Italy,Small
48,52.64,2526.72,2/17/2003 0:00,Shipped,2,2003,Planes,Bergamo,Italy,Small
28,48.17,1348.76,4/28/2003 0:00,Shipped,4,2003,Planes,Salzburg,Austria,Small
21,41.71,875.91,6/16/2003 0:00,Shipped,6,2003,Planes,Glendale,USA,Small
37,50.65,1874.05,8/10/2003 0:00,Shipped,8,2003,Planes,New Bedford,USA,Small
34,49.16,1671.44,10/6/2003 0:00,Shipped,10,2003,Planes,Helsinki,Finland,Small
40,41.71,1668.4,10/23/2003 0:00,Cancelled,10,2003,Planes,Boras,Sweden,Small
45,51.15,2301.75,11/8/2003 0:00,Shipped,11,2003,Planes,Toulouse,France,Small
28,52.14,1459.92,11/14/2003 0:00,Shipped,11,2003,Planes,London,UK,Small
29,41.71,1209.59,11/26/2003 0:00,Shipped,11,2003,Planes,Barcelona,Spain,Small
48,44.69,2145.12,1/9/2004 0:00,Shipped,1,2004,Planes,Los Angeles,USA,Small
31,45.69,1416.39,2/19/2004 0:00,Shipped,2,2004,Planes,San Diego,USA,Small
32,57.61,1843.52,5/8/2004 0:00,Shipped,5,2004,Planes,Cambridge,USA,Small
21,57.11,1199.31,6/24/2004 0:00,Cancelled,6,2004,Planes,Madrid,Spain,Small
32,58.6,1875.2,7/21/2004 0:00,Shipped,7,2004,Planes,Brickhaven,USA,Small
43,57.61,2477.23,8/20/2004 0:00,Shipped,8,2004,Planes,Tsawassen,Canada,Small
21,45.19,948.99,9/15/2004 0:00,Shipped,9,2004,Planes,Munich,Germany,Small
34,53.63,1823.42,10/14/2004 0:00,Shipped,10,2004,Planes,Philadelphia,USA,Small
34,43.7,1485.8,11/1/2004 0:00,Shipped,11,2004,Planes,Cowes,UK,Small
44,86.13,3789.72,11/15/2004 0:00,Shipped,11,2004,Planes,NYC,USA,Medium
27,76.31,2060.37,11/23/2004 0:00,Shipped,11,2004,Planes,Minato-ku,Japan,Small
49,52.64,2579.36,12/3/2004 0:00,Shipped,12,2004,Planes,Brickhaven,USA,Small
23,95.2,2189.6,12/17/2004 0:00,Shipped,12,2004,Planes,Chatswood,Australia,Small
25,64.97,1624.25,1/31/2005 0:00,Shipped,1,2005,Planes,Oulu,Finland,Small
50,87.15,4357.5,3/1/2005 0:00,Resolved,3,2005,Planes,Madrid,Spain,Medium
34,40.22,1367.48,3/30/2005 0:00,Shipped,3,2005,Planes,Reims,France,Small
20,56.12,1122.4,4/1/2005 0:00,Shipped,4,2005,Planes,San Jose,USA,Small
42,57.61,2419.62,5/9/2005 0:00,Disputed,5,2005,Planes,Glen Waverly,Australia,Small
25,56.78,1419.5,2/11/2003 0:00,Shipped,2,2003,Ships,Kobenhavn,Denmark,Small
50,43.68,2184.0,4/16/2003 0:00,Shipped,4,2003,Ships,Singapore,Singapore,Small
32,64.97,2079.04,6/12/2003 0:00,Shipped,6,2003,Ships,London,UK,Small
39,44.23,1724.97,8/8/2003 0:00,Shipped,8,2003,Ships,San Rafael,USA,Small
50,60.06,3003.0,9/28/2003 0:00,Shipped,9,2003,Ships,Madrid,Spain,Medium
38,48.59,1846.42,10/23/2003 0:00,Cancelled,10,2003,Ships,Boras,Sweden,Small
40,50.23,2009.2,11/7/2003 0:00,Shipped,11,2003,Ships,Madrid,Spain,Small
28,64.43,1804.04,11/14/2003 0:00,Shipped,11,2003,Ships,New Bedford,USA,Small
42,50.23,2109.66,11/26/2003 0:00,Shipped,11,2003,Ships,Barcelona,Spain,Small
42,63.88,2682.96,1/2/2004 0:00,Shipped,1,2004,Ships,Lyon,France,Small
36,63.34,2280.24,2/19/2004 0:00,Shipped,2,2004,Ships,San Diego,USA,Small
24,49.69,1192.56,3/20/2004 0:00,Shipped,3,2004,Ships,Cowes,UK,Small
23,65.52,1506.96,5/7/2004 0:00,Cancelled,5,2004,Ships,NYC,USA,Small
29,50.78,1472.62,6/17/2004 0:00,Shipped,6,2004,Ships,Montreal,Canada,Small
37,45.86,1696.82,7/21/2004 0:00,Shipped,7,2004,Ships,Bruxelles,Belgium,Small
33,51.32,1693.56,8/20/2004 0:00,Shipped,8,2004,Ships,Tsawassen,Canada,Small
32,60.06,1921.92,9/9/2004 0:00,Shipped,9,2004,Ships,Torino,Italy,Small
35,59.51,2082.85,10/14/2004 0:00,Shipped,10,2004,Ships,Manchester,UK,Small
40,55.69,2227.6,10/29/2004 0:00,Shipped,10,2004,Ships,Nantes,France,Small
37,86.74,3209.38,11/10/2004 0:00,Resolved,11,2004,Ships,Kobenhavn,Denmark,Medium
42,97.16,4080.72,11/21/2004 0:00,Shipped,11,2004,Ships,NYC,USA,Medium
20,100.0,2244.4,12/2/2004 0:00,Shipped,12,2004,Ships,Madrid,Spain,Small
29,100.0,3978.51,1/31/2005 0:00,Shipped,1,2005,Ships,Oulu,Finland,Medium
43,100.0,5417.57,3/1/2005 0:00,Resolved,3,2005,Ships,Madrid,Spain,Medium
34,62.24,2116.16,3/28/2005 0:00,Shipped,3,2005,Ships,Toulouse,France,Small
47,65.52,3079.44,5/6/2005 0:00,On Hold,5,2005,Ships,Boston,USA,Medium
